-- --------------------------------------------------------
-- Host:                         127.0.0.1
-- Wersja serwera:               10.1.21-MariaDB - mariadb.org binary distribution
-- Serwer OS:                    Win32
-- HeidiSQL Wersja:              9.4.0.5137
-- --------------------------------------------------------

/*!40101 SET @OLD_CHARACTER_SET_CLIENT=@@CHARACTER_SET_CLIENT */;
/*!40101 SET NAMES utf8 */;
/*!50503 SET NAMES utf8mb4 */;
/*!40014 SET @OLD_FOREIGN_KEY_CHECKS=@@FOREIGN_KEY_CHECKS, FOREIGN_KEY_CHECKS=0 */;
/*!40101 SET @OLD_SQL_MODE=@@SQL_MODE, SQL_MODE='NO_AUTO_VALUE_ON_ZERO' */;

-- Zrzut struktury tabela hoho.acl_classes
CREATE TABLE IF NOT EXISTS `acl_classes` (
  `id` int(10) unsigned NOT NULL AUTO_INCREMENT,
  `class_type` varchar(200) COLLATE utf8_unicode_ci NOT NULL,
  PRIMARY KEY (`id`),
  UNIQUE KEY `UNIQ_69DD750638A36066` (`class_type`)
) ENGINE=InnoDB DEFAULT CHARSET=utf8 COLLATE=utf8_unicode_ci;

-- Zrzucanie danych dla tabeli hoho.acl_classes: ~0 rows (około)
/*!40000 ALTER TABLE `acl_classes` DISABLE KEYS */;
/*!40000 ALTER TABLE `acl_classes` ENABLE KEYS */;

-- Zrzut struktury tabela hoho.acl_entries
CREATE TABLE IF NOT EXISTS `acl_entries` (
  `id` int(10) unsigned NOT NULL AUTO_INCREMENT,
  `class_id` int(10) unsigned NOT NULL,
  `object_identity_id` int(10) unsigned DEFAULT NULL,
  `security_identity_id` int(10) unsigned NOT NULL,
  `field_name` varchar(50) COLLATE utf8_unicode_ci DEFAULT NULL,
  `ace_order` smallint(5) unsigned NOT NULL,
  `mask` int(11) NOT NULL,
  `granting` tinyint(1) NOT NULL,
  `granting_strategy` varchar(30) COLLATE utf8_unicode_ci NOT NULL,
  `audit_success` tinyint(1) NOT NULL,
  `audit_failure` tinyint(1) NOT NULL,
  PRIMARY KEY (`id`),
  UNIQUE KEY `UNIQ_46C8B806EA000B103D9AB4A64DEF17BCE4289BF4` (`class_id`,`object_identity_id`,`field_name`,`ace_order`),
  KEY `IDX_46C8B806EA000B103D9AB4A6DF9183C9` (`class_id`,`object_identity_id`,`security_identity_id`),
  KEY `IDX_46C8B806EA000B10` (`class_id`),
  KEY `IDX_46C8B8063D9AB4A6` (`object_identity_id`),
  KEY `IDX_46C8B806DF9183C9` (`security_identity_id`),
  CONSTRAINT `FK_46C8B8063D9AB4A6` FOREIGN KEY (`object_identity_id`) REFERENCES `acl_object_identities` (`id`) ON DELETE CASCADE ON UPDATE CASCADE,
  CONSTRAINT `FK_46C8B806DF9183C9` FOREIGN KEY (`security_identity_id`) REFERENCES `acl_security_identities` (`id`) ON DELETE CASCADE ON UPDATE CASCADE,
  CONSTRAINT `FK_46C8B806EA000B10` FOREIGN KEY (`class_id`) REFERENCES `acl_classes` (`id`) ON DELETE CASCADE ON UPDATE CASCADE
) ENGINE=InnoDB DEFAULT CHARSET=utf8 COLLATE=utf8_unicode_ci;

-- Zrzucanie danych dla tabeli hoho.acl_entries: ~0 rows (około)
/*!40000 ALTER TABLE `acl_entries` DISABLE KEYS */;
/*!40000 ALTER TABLE `acl_entries` ENABLE KEYS */;

-- Zrzut struktury tabela hoho.acl_object_identities
CREATE TABLE IF NOT EXISTS `acl_object_identities` (
  `id` int(10) unsigned NOT NULL AUTO_INCREMENT,
  `parent_object_identity_id` int(10) unsigned DEFAULT NULL,
  `class_id` int(10) unsigned NOT NULL,
  `object_identifier` varchar(100) COLLATE utf8_unicode_ci NOT NULL,
  `entries_inheriting` tinyint(1) NOT NULL,
  PRIMARY KEY (`id`),
  UNIQUE KEY `UNIQ_9407E5494B12AD6EA000B10` (`object_identifier`,`class_id`),
  KEY `IDX_9407E54977FA751A` (`parent_object_identity_id`),
  CONSTRAINT `FK_9407E54977FA751A` FOREIGN KEY (`parent_object_identity_id`) REFERENCES `acl_object_identities` (`id`)
) ENGINE=InnoDB DEFAULT CHARSET=utf8 COLLATE=utf8_unicode_ci;

-- Zrzucanie danych dla tabeli hoho.acl_object_identities: ~0 rows (około)
/*!40000 ALTER TABLE `acl_object_identities` DISABLE KEYS */;
/*!40000 ALTER TABLE `acl_object_identities` ENABLE KEYS */;

-- Zrzut struktury tabela hoho.acl_object_identity_ancestors
CREATE TABLE IF NOT EXISTS `acl_object_identity_ancestors` (
  `object_identity_id` int(10) unsigned NOT NULL,
  `ancestor_id` int(10) unsigned NOT NULL,
  PRIMARY KEY (`object_identity_id`,`ancestor_id`),
  KEY `IDX_825DE2993D9AB4A6` (`object_identity_id`),
  KEY `IDX_825DE299C671CEA1` (`ancestor_id`),
  CONSTRAINT `FK_825DE2993D9AB4A6` FOREIGN KEY (`object_identity_id`) REFERENCES `acl_object_identities` (`id`) ON DELETE CASCADE ON UPDATE CASCADE,
  CONSTRAINT `FK_825DE299C671CEA1` FOREIGN KEY (`ancestor_id`) REFERENCES `acl_object_identities` (`id`) ON DELETE CASCADE ON UPDATE CASCADE
) ENGINE=InnoDB DEFAULT CHARSET=utf8 COLLATE=utf8_unicode_ci;

-- Zrzucanie danych dla tabeli hoho.acl_object_identity_ancestors: ~0 rows (około)
/*!40000 ALTER TABLE `acl_object_identity_ancestors` DISABLE KEYS */;
/*!40000 ALTER TABLE `acl_object_identity_ancestors` ENABLE KEYS */;

-- Zrzut struktury tabela hoho.acl_security_identities
CREATE TABLE IF NOT EXISTS `acl_security_identities` (
  `id` int(10) unsigned NOT NULL AUTO_INCREMENT,
  `identifier` varchar(200) COLLATE utf8_unicode_ci NOT NULL,
  `username` tinyint(1) NOT NULL,
  PRIMARY KEY (`id`),
  UNIQUE KEY `UNIQ_8835EE78772E836AF85E0677` (`identifier`,`username`)
) ENGINE=InnoDB DEFAULT CHARSET=utf8 COLLATE=utf8_unicode_ci;

-- Zrzucanie danych dla tabeli hoho.acl_security_identities: ~0 rows (około)
/*!40000 ALTER TABLE `acl_security_identities` DISABLE KEYS */;
/*!40000 ALTER TABLE `acl_security_identities` ENABLE KEYS */;

-- Zrzut struktury tabela hoho.attribute
CREATE TABLE IF NOT EXISTS `attribute` (
  `id` int(11) NOT NULL AUTO_INCREMENT,
  `name` varchar(255) COLLATE utf8_unicode_ci NOT NULL,
  `slug` varchar(255) COLLATE utf8_unicode_ci NOT NULL,
  `updatedAt` datetime DEFAULT NULL,
  PRIMARY KEY (`id`)
) ENGINE=InnoDB AUTO_INCREMENT=7 DEFAULT CHARSET=utf8 COLLATE=utf8_unicode_ci;

-- Zrzucanie danych dla tabeli hoho.attribute: ~0 rows (około)
/*!40000 ALTER TABLE `attribute` DISABLE KEYS */;
INSERT INTO `attribute` (`id`, `name`, `slug`, `updatedAt`) VALUES
	(1, 'Szkło', 'szklo', '2017-03-22 14:21:15'),
	(2, 'Drewno', 'drewno', NULL),
	(3, 'Metal', 'metal', NULL),
	(4, 'Papier', 'papier', NULL),
	(5, 'Ozdobne', 'ozdobne', NULL),
	(6, 'Codziennego użytku', 'codziennego-uzytku', NULL);
/*!40000 ALTER TABLE `attribute` ENABLE KEYS */;

-- Zrzut struktury tabela hoho.city
CREATE TABLE IF NOT EXISTS `city` (
  `id` int(11) NOT NULL AUTO_INCREMENT,
  `name` varchar(255) COLLATE utf8_unicode_ci NOT NULL,
  `slug` varchar(255) COLLATE utf8_unicode_ci NOT NULL,
  `createdAt` datetime NOT NULL,
  `updatedAt` datetime DEFAULT NULL,
  `seoGenerate` tinyint(1) DEFAULT NULL,
  `seoTitle` varchar(255) COLLATE utf8_unicode_ci DEFAULT NULL,
  `seoKeywords` varchar(255) COLLATE utf8_unicode_ci DEFAULT NULL,
  `seoDescription` varchar(255) COLLATE utf8_unicode_ci DEFAULT NULL,
  `mapPositionFromTop` double DEFAULT NULL,
  `mapPositionFromLeft` double DEFAULT NULL,
  `postal_code` varchar(255) COLLATE utf8_unicode_ci NOT NULL,
  PRIMARY KEY (`id`)
) ENGINE=InnoDB AUTO_INCREMENT=61 DEFAULT CHARSET=utf8 COLLATE=utf8_unicode_ci;

-- Zrzucanie danych dla tabeli hoho.city: ~48 rows (około)
/*!40000 ALTER TABLE `city` DISABLE KEYS */;
INSERT INTO `city` (`id`, `name`, `slug`, `createdAt`, `updatedAt`, `seoGenerate`, `seoTitle`, `seoKeywords`, `seoDescription`, `mapPositionFromTop`, `mapPositionFromLeft`, `postal_code`) VALUES
	(1, 'Mińsk Mazowiecki', 'minsk-mazowiecki', '2013-12-17 08:51:37', NULL, 1, 'to change', 'to change', 'to change', NULL, NULL, ''),
	(2, 'Opole Lubelskie', 'opole-lubelskie', '2013-12-17 08:51:44', NULL, 1, 'to change', 'to change', 'to change', NULL, NULL, ''),
	(3, 'Łosice', 'losice', '2013-12-17 08:51:50', NULL, 1, 'to change', 'to change', 'to change', NULL, NULL, ''),
	(4, 'Lubartów', 'lubartow', '2013-12-17 08:51:56', NULL, 1, 'to change', 'to change', 'to change', NULL, NULL, ''),
	(5, 'Lublin', 'lublin', '2013-12-17 08:52:03', NULL, 1, 'to change', 'to change', 'to change', NULL, NULL, ''),
	(7, 'Krasnystaw', 'krasnystaw', '2013-12-17 08:52:23', NULL, 1, 'to change', 'to change', 'to change', NULL, NULL, ''),
	(8, 'Hrubieszów', 'hrubieszow', '2013-12-17 08:52:41', NULL, 1, 'to change', 'to change', 'to change', NULL, NULL, ''),
	(10, 'Kozienice', 'kozienice', '2013-12-17 08:52:56', NULL, 1, 'to change', 'to change', 'to change', NULL, NULL, ''),
	(11, 'Chełm', 'chelm', '2013-12-17 09:16:33', NULL, 1, 'to change', 'to change', 'to change', NULL, NULL, ''),
	(12, 'Biała Podlaska', 'biala-podlaska', '2013-12-17 09:31:02', NULL, 1, 'to change', 'to change', 'to change', NULL, NULL, ''),
	(13, 'Łuków', 'lukow', '2013-12-18 10:21:38', NULL, 1, NULL, NULL, NULL, NULL, NULL, ''),
	(14, 'Lipsko', 'lipsko', '2013-12-18 10:22:15', NULL, 1, NULL, NULL, NULL, NULL, NULL, ''),
	(15, 'Kraśnik', 'krasnik', '2013-12-18 10:23:03', NULL, 1, NULL, NULL, NULL, NULL, NULL, ''),
	(16, 'Ostrowiec Świętokrzyski', 'ostrowiec-swietokrzyski', '2013-12-18 10:23:54', NULL, 1, 'to change', 'to change', 'to change', NULL, NULL, ''),
	(17, 'Włodawa', 'wlodawa', '2013-12-18 10:24:33', NULL, 1, NULL, NULL, NULL, NULL, NULL, ''),
	(18, 'Węgrów', 'wegrow', '2013-12-18 10:25:11', NULL, 1, NULL, NULL, NULL, NULL, NULL, ''),
	(19, 'Tomaszów Lubelski', 'tomaszow-lubelski', '2013-12-18 10:26:00', NULL, 1, NULL, NULL, NULL, NULL, NULL, ''),
	(21, 'Siemiatycze', 'siemiatycze', '2013-12-18 10:27:21', NULL, 1, NULL, NULL, NULL, NULL, NULL, ''),
	(22, 'Siedlce', 'siedlce', '2013-12-18 10:28:00', NULL, 1, NULL, NULL, NULL, NULL, NULL, ''),
	(23, 'Radzyń Podlaski', 'radzyn-podlaski', '2013-12-18 10:28:40', NULL, 1, NULL, NULL, NULL, NULL, NULL, ''),
	(24, 'Radom', 'radom', '2013-12-18 10:29:17', NULL, 1, NULL, NULL, NULL, NULL, NULL, ''),
	(25, 'Puławy', 'pulawy', '2013-12-18 10:29:52', NULL, 1, 'to change', 'to change', 'to change', NULL, NULL, ''),
	(26, 'Poniatowa', 'poniatowa', '2013-12-18 10:30:28', NULL, 1, NULL, NULL, NULL, NULL, NULL, ''),
	(28, 'Biłgoraj', 'bilgoraj', '2013-12-18 10:31:35', NULL, 1, 'to change', 'to change', 'to change', 50.531761679944, 22.715542316437, ''),
	(31, 'Bełżyce', 'belzyce', '2013-12-20 09:41:54', NULL, 1, 'to change', 'to change', 'to change', 50.57172505945, 21.580169694498, ''),
	(33, 'Bielsk Podlaski', 'bielsk-podlaski-2', '2013-12-20 09:57:08', NULL, 1, 'to change', 'to change', 'to change', NULL, NULL, ''),
	(34, 'Hajnówka', 'hajnowka', '2013-12-20 10:02:19', NULL, 1, 'to change', 'to change', 'to change', NULL, NULL, ''),
	(35, 'Janów Lubelski', 'janow-lubelski', '2013-12-20 10:04:23', NULL, 1, 'to change', 'to change', 'to change', 50.707329898525, 22.410049438477, ''),
	(36, 'Ciechanowiec', 'ciechanowiec', '2013-12-20 10:13:30', NULL, 1, 'to change', 'to change', 'to change', NULL, NULL, ''),
	(37, 'Łapy', 'lapy', '2013-12-20 10:17:54', NULL, 1, 'to change', 'to change', 'to change', NULL, NULL, ''),
	(38, 'Międzyrzec Podlaski', 'miedzyrzec-podlaski', '2013-12-20 10:21:03', NULL, 1, 'to change', 'to change', 'to change', NULL, NULL, ''),
	(39, 'Ostrów Mazowiecka', 'ostrow-mazowiecka', '2013-12-20 10:24:35', NULL, 1, 'to change', 'to change', 'to change', NULL, NULL, ''),
	(40, 'Ryki', 'ryki', '2013-12-20 10:37:16', NULL, 1, 'to change', 'to change', 'to change', NULL, NULL, ''),
	(42, 'Sokołów Podlaski', 'sokolow-podlaski', '2013-12-20 10:53:16', NULL, 1, 'to change', 'to change', 'to change', NULL, NULL, ''),
	(43, 'Stoczek Łukowski', 'stoczek-lukowski', '2013-12-20 10:54:18', NULL, 1, 'to change', 'to change', 'to change', NULL, NULL, ''),
	(45, 'Wysokie Mazowieckie', 'wysokie-mazowieckie', '2013-12-20 11:05:59', NULL, 1, 'to change', 'to change', 'to change', NULL, NULL, ''),
	(47, 'Starachowice', 'starachowice', '2014-02-14 13:56:19', NULL, 1, 'to change', 'to change', 'to change', 51.042041495178, 21.069374084473, ''),
	(49, 'Kock', 'kock', '2014-03-07 16:05:25', NULL, 1, 'to change', 'to change', 'to change', NULL, NULL, ''),
	(50, 'Brańsk', 'bransk', '2014-07-15 08:11:27', NULL, 1, 'to change', 'to change', 'to change', NULL, NULL, ''),
	(52, 'Skarzysko Kamienna', 'skarzysko-kamienna', '2014-07-15 08:54:12', NULL, 1, 'to change', 'to change', 'to change', 51.103521942404, 20.857543945312, ''),
	(53, 'Terespol', 'terespol', '2014-09-04 08:24:45', NULL, 1, 'to change', 'to change', 'to change', 52.071909538409, 23.603439331055, ''),
	(54, 'Końskie', 'konskie', '2015-02-03 12:11:47', NULL, 1, 'to change', 'to change', 'to change', NULL, NULL, ''),
	(55, 'Kielce', 'kielce', '2015-02-24 14:16:34', NULL, 1, 'to change', 'to change', 'to change', 50.877044231111, 20.643310546875, ''),
	(56, 'Garwolin', 'garwolin', '2015-07-22 11:27:46', NULL, 1, 'to change', 'to change', 'to change', NULL, NULL, ''),
	(57, 'Łochów', 'lochow', '2015-10-06 15:26:12', NULL, 1, 'to change', 'to change', 'to change', NULL, NULL, ''),
	(58, 'Parczew', 'parczew', '2015-10-30 11:40:59', NULL, 1, 'to change', 'to change', 'to change', NULL, NULL, ''),
	(59, 'Sandomierz', 'sandomierz', '2015-11-20 09:35:31', NULL, 1, 'to change', 'to change', 'to change', 50.679056768285, 21.745548248291, ''),
	(60, 'Dęblin', 'deblin', '2015-12-04 11:56:22', NULL, 1, 'to change', 'to change', 'to change', 50.432798421168, 21.753959655762, '');
/*!40000 ALTER TABLE `city` ENABLE KEYS */;

-- Zrzut struktury tabela hoho.contact_form_message
CREATE TABLE IF NOT EXISTS `contact_form_message` (
  `id` int(11) NOT NULL AUTO_INCREMENT,
  `senderName` varchar(255) COLLATE utf8_unicode_ci DEFAULT NULL,
  `senderEmail` varchar(255) COLLATE utf8_unicode_ci DEFAULT NULL,
  `senderMessage` varchar(255) COLLATE utf8_unicode_ci DEFAULT NULL,
  `senderIp` varchar(255) COLLATE utf8_unicode_ci DEFAULT NULL,
  `sentAt` datetime NOT NULL,
  PRIMARY KEY (`id`)
) ENGINE=InnoDB AUTO_INCREMENT=79 DEFAULT CHARSET=utf8 COLLATE=utf8_unicode_ci;

-- Zrzucanie danych dla tabeli hoho.contact_form_message: ~62 rows (około)
/*!40000 ALTER TABLE `contact_form_message` DISABLE KEYS */;
INSERT INTO `contact_form_message` (`id`, `senderName`, `senderEmail`, `senderMessage`, `senderIp`, `sentAt`) VALUES
	(17, 'Jacek Wasilewksi', 'fhurajw@interia.pl', '<h3>Wiadomość z formularza kontaktowego:</h3>Witam.Przesłałem Panstwu wiele ofert swojego importu.Prosze o zapoznanie się i kontakt.Pozdarwiam serdecznie. <hr /><h3>Pozostałe dane:</h3>Imię i nazwisko: Jacek Wasilewksi<br />Nazwa firmy: Szczepan Gdansk<br', '89.65.5.44', '2014-11-27 17:39:42'),
	(18, 'Alicja Walczak', 'stylizacjapaznokcianna@wp.pl', '<h3>Wiadomość z formularza kontaktowego:</h3>Witam,a jak ja bym chciala zakupowac towar taniej od was na swoj sklep to jak moglabym zamawiac chcialam  sie troche podchrapac bo wynajmuje nie wielki lokalik i chcialabym zrobic ceny od 2 do 5 i nie tylko zl ', '178.181.71.210', '2014-12-09 10:35:48'),
	(19, 'ogbifs@jstadp.com', 'ogbifs@jstadp.com', '<h3>Wiadomość z formularza kontaktowego:</h3>hnRm7x  <a href="http://urciwxkqyyug.com/">urciwxkqyyug</a>, [url=http://xagwspihbxnz.com/]xagwspihbxnz[/url], [link=http://ignqiyruylib.com/]ignqiyruylib[/link], http://zvkwmfhaicwf.com/ <hr /><h3>Pozostałe da', '195.154.181.152', '2015-01-14 11:03:33'),
	(20, 'Monika Przewoźniczuk', 'mika3088@vp.pl', '<h3>Wiadomość z formularza kontaktowego:</h3>Witam, jestem zainteresowana   współpraca z Państwa Firmą na terenie Województwa Małopolskiego. Chciała bym się dowiedzieć na jakich zasadach przebiegała by wspólna współpraca. <hr /><h3>Pozostałe dane:</h3>Imi', '83.10.99.156', '2015-01-17 16:38:07'),
	(21, 'andrzej krasa', 'krasaandrzej@wp.pl', '<h3>Wiadomość z formularza kontaktowego:</h3>Bardzo proszę o przesłanie oferty towarowo-cenowej w hurcie. Proszę równeż o informację czy wysyłacie Państwo towar paczką. <hr /><h3>Pozostałe dane:</h3>Imię i nazwisko: andrzej krasa<br />Nazwa firmy: Magan<b', '95.40.115.72', '2015-01-21 21:55:51'),
	(22, 'Lidiya Bielecka', 'lbielecka7@gmail.com', '<h3>Wiadomość z formularza kontaktowego:</h3>Pilnie poszukuje pracy. W ciągu ostatnich lat pracowałam w sklepach spożywczych. Przedtem przez rok pracowałam w butiku odzieżowym. Wykorzystałam ten czas na zdobycie nowych umiejętności. Jestem osobą ambitną i', '77.112.78.103', '2015-01-22 11:10:52'),
	(23, 'Tomasz Charkot', 'thomas@tippy.dk', '<h3>Wiadomość z formularza kontaktowego:</h3>Witam<br />\r\nW nawiązaniu do rozmowy telefoniczne, zwracam się z zapytaniem odnośnie nawiązania współpracy handlowej. Razem z moim wspólnikiem jesteśmy właścicielami 5 sklepów o łącznej powierzchni ok 7000 tys.', '5.103.205.180', '2015-02-04 12:29:17'),
	(24, 'Monika Przewoźniczuk', 'mika3088@vp.pl', '<h3>Wiadomość z formularza kontaktowego:</h3>Witam, jestem zainteresowana współpracą z Państwa firma. wielokrotnie byłam klientka Sklepu Ho-Ho w Sokołowie Podlaskim jak i w Siedlcach w województwie mazowieckim, byłam i jestem zadowolona z zakupionego tam ', '83.10.41.199', '2015-02-08 14:07:20'),
	(25, 'ROT MARIUSZ', 'rocikk@interia.pl', '<h3>Wiadomość z formularza kontaktowego:</h3>Jestem zainteresowany współpracom z państwa firmą.Działalność prowadzę od 1998r sukcesywnie się rozwijając, posiadam nowo wybudowany lokal w miejscowości Bliżyn 26-120 o powierzchni 500 m2 w którym obecnie prow', '77.255.60.174', '2015-02-10 09:25:15'),
	(26, 'marek', NULL, '<h3>Wiadomość z formularza kontaktowego:</h3>witam interesuje mnie współpraca prosiłbym o jakieś szczegółowe informacje co do w współpracy <hr /><h3>Pozostałe dane:</h3>Imię i nazwisko: marek<br />Nazwa firmy: <br />Telefon: 502894710<br />E-mail: <br />', '77.254.230.94', '2015-02-24 11:36:08'),
	(27, 'MAGDALENA SAJDA-ZIEMKOWSKA', 'magdalena-sajda@go2.pl', '<h3>Wiadomość z formularza kontaktowego:</h3>Witam, prowadzę sklepy z tej samej branży, jestem zainteresowana współpracą, proszę o kontakt Magdalena Sajda-Ziemkowska <hr /><h3>Pozostałe dane:</h3>Imię i nazwisko: MAGDALENA SAJDA-ZIEMKOWSKA<br />Nazwa firm', '95.40.203.4', '2015-03-13 12:47:02'),
	(28, 'Izabela ryczek', 'Izabela44441@vp.pl', '<h3>Wiadomość z formularza kontaktowego:</h3>Posiadam do wynajecia lokal w Swiebodzinie woj lubuskie .Lokal znajduje sie w Centrum miasta w bardzo atrakcyjnym punkcie,lokal świeżo po remoncie .110m. <hr /><h3>Pozostałe dane:</h3>Imię i nazwisko: Izabela r', '78.10.57.3', '2015-03-19 17:35:53'),
	(29, 'Izabela ryczek', 'Izabela44441@vp.pl', '<h3>Wiadomość z formularza kontaktowego:</h3>Posiadam do wynajecia lokal w Swiebodzinie woj lubuskie .Lokal znajduje sie w Centrum miasta w bardzo atrakcyjnym punkcie,lokal świeżo po remoncie .110m. <hr /><h3>Pozostałe dane:</h3>Imię i nazwisko: Izabela r', '78.10.57.3', '2015-03-19 17:36:01'),
	(30, 'ANITA SZPONAR-ŁUBIARZ', 'anitka-1978@o2,pl', '<h3>Wiadomość z formularza kontaktowego:</h3>Witam. Chciałabym otrzymać nr telefonu do sklepu w Lublinie jeżeli jest taka możliwość. Potrzebuję informacji czy jest na sklepie dywan, który widziałam w sklepie w Biłgoraju, a niestety nie zdążyłam go kupić. ', '178.42.180.148', '2015-03-20 23:29:29'),
	(31, 'Krzyszstof Borkowski', 'agronet@vp.pl', '<h3>Wiadomość z formularza kontaktowego:</h3>Witam <br />\r\nPosiadam lokal ok 30 m kw.<br />\r\nPoszukuję pomysłu na działalność wynajem lub współpraca. <hr /><h3>Pozostałe dane:</h3>Imię i nazwisko: Krzyszstof Borkowski<br />Nazwa firmy: Agronet<br />Telefo', '83.2.152.220', '2015-04-13 07:59:28'),
	(32, 'Żaneta', 'zaneta.zenka@onet.com', '<h3>Wiadomość z formularza kontaktowego:</h3>Witam<br />\r\nMozna dokonac u Państwa zakupu przez internet? <hr /><h3>Pozostałe dane:</h3>Imię i nazwisko: Żaneta<br />Nazwa firmy: Alrauna beauty<br />Telefon: 605915808<br />E-mail: zaneta.zenka@onet.com<br /', '31.0.0.203', '2015-04-29 18:29:00'),
	(33, 'Żaneta Zenka', 'zaneta.zenka@onet.pl', '<h3>Wiadomość z formularza kontaktowego:</h3>Witam.Mozna u Panstwa dokonac zakupu przez internet?Mieszkam 30 km od końskich jednak nie mam jak dojechac.Istnieje mozliwosc zakupu z dowozem kurierskim? <hr /><h3>Pozostałe dane:</h3>Imię i nazwisko: Żaneta Z', '31.0.0.203', '2015-04-29 18:30:14'),
	(34, 'bogusia772', 'bogusia750@op.pl', '<h3>Wiadomość z formularza kontaktowego:</h3>witam  chcialabym  zakupic ten lampion czy mozna zakupic przez internet , <hr /><h3>Pozostałe dane:</h3>Imię i nazwisko: bogusia772<br />Nazwa firmy: <br />Telefon: <br />E-mail: bogusia750@op.pl<br />', '46.45.107.33', '2015-05-04 20:05:50'),
	(35, 'Lukasz Grzesiak', NULL, '<h3>Wiadomość z formularza kontaktowego:</h3>Zgodnie z dzisiejszą rozmowa telefoniczna proszę o kontakt, gdyż chcieliśmy wraz ze wspólnikiem porozmawiać o warunkach współpracy, związanych z otwarciem sklepu HO HO  w woj.lubelskim. Mamy już kilka potencjal', '83.24.246.116', '2015-06-10 11:16:37'),
	(36, 'Anna Ciucka', 'ani216@wp.pl', '<h3>Wiadomość z formularza kontaktowego:</h3>Witam proszę o kontakt w sprawie oferty pracy w sklepie ho ho w Hrubieszowie Czy oferta jest nadal aktualna Jestem zainteresowana Dziekuje <hr /><h3>Pozostałe dane:</h3>Imię i nazwisko: Anna Ciucka<br />Nazwa f', '83.28.161.93', '2015-07-04 10:54:58'),
	(37, 'Marcin Wiak', 'wiagal@gmail.com', '<h3>Wiadomość z formularza kontaktowego:</h3>Witam,<br />\r\nChciałem zapytać czy jest możliwość współpracy z Państwa firma. Jestem zainteresowany prowadzeniem punktu handlowego opartego na państwa asortymencie lub podobnym. Czy mogliby Państwo przesłac mi ', '178.235.75.112', '2015-07-04 21:23:23'),
	(38, 'Kamil Szumski', 'kamyl1985@o2.pl', '<h3>Wiadomość z formularza kontaktowego:</h3>Witam<br />\r\n<br />\r\nNazywa się Kamil Szumski posiadam nowy lokal w miejscowości Łuków województwo Lubelskie(miasto powyżej 30 tys mieszkańców) chcę nawiązać współprace w celu wynajęcia lokalu.Lokal był budowan', '31.41.80.209', '2015-07-06 10:29:46'),
	(39, 'Anna Ciucka', 'ani216@wp.pl', '<h3>Wiadomość z formularza kontaktowego:</h3>Zwracam się z prośbą do pani Ani Przysadki o kontakt w sprawie oferty pracy Dzwoniła pani wczoraj do mnie i prosiła o wysłanie CV na pocztę emalia Oczywiście wysłałam choć nie wiem czy doszło bo miałam problem ', '83.28.168.83', '2015-07-08 10:29:09'),
	(40, 'daniel misiurski', 'h2dpiekarnia@gmail.com', '<h3>Wiadomość z formularza kontaktowego:</h3>Proszę o ofertę współpracy.  Prowadzę firmę w miejscowości Wola uhruska . Posiadam lokal w centrum miejscowości. Pozdrawiam. <hr /><h3>Pozostałe dane:</h3>Imię i nazwisko: daniel misiurski<br />Nazwa firmy: h2d', '89.77.96.112', '2015-09-14 21:35:35'),
	(41, 'daniel misiurski', 'h2dpiekarnia@gmail.com', '<h3>Wiadomość z formularza kontaktowego:</h3>proszę o propozycję współpracy. Posiadam własny lokal o powierzchnia  ok.70m2 w centrum miejscowości wola uhruska pow. włodawski <hr /><h3>Pozostałe dane:</h3>Imię i nazwisko: daniel misiurski<br />Nazwa firmy:', '5.226.84.252', '2015-09-22 22:56:30'),
	(42, 'Urszula Kuźmicz', 'ula 1501@wp.pl', '<h3>Wiadomość z formularza kontaktowego:</h3>Dzień dobry mam pytanie czy prowadzicie sprzedaż wysyłkową jeżeli tak to od jakiej sumy ma być zamówienie pozdrawiam <hr /><h3>Pozostałe dane:</h3>Imię i nazwisko: Urszula Kuźmicz<br />Nazwa firmy: PUH KRON<br ', '217.99.63.177', '2015-10-04 15:07:19'),
	(43, 'Monika Franczak', 'monikanajs@wp.pl', '<h3>Wiadomość z formularza kontaktowego:</h3>Poszukuje pracy w Lublinie jako sprzedawca w sklepie z artykulami po 5,99. <hr /><h3>Pozostałe dane:</h3>Imię i nazwisko: Monika Franczak<br />Nazwa firmy: <br />Telefon: 883904916<br />E-mail: monikanajs@wp.pl', '46.113.239.87', '2015-10-08 12:47:42'),
	(44, 'Pająk-Pawlik Natalia', 'natalia@mix.box.pl', '<h3>Wiadomość z formularza kontaktowego:</h3>Witam, od kilku tygodni zauważyłam, że dostarczają Państwo do swoich sklepów filmy dvd oraz bajki ale od jakiegoś czasu w nowym towarze ich nie ma. Czy jest możliwość by Państwo na zamówienie do danego sklepu d', '5.226.117.2', '2015-10-19 22:22:50'),
	(45, 'kinga osial', 'kingaosial@o2.pl', '<h3>Wiadomość z formularza kontaktowego:</h3>czy u panstwa mozna nabyc art po cenach hurt do malych sklepikow prosze o kontakt <hr /><h3>Pozostałe dane:</h3>Imię i nazwisko: kinga osial<br />Nazwa firmy: kingaosial<br />Telefon: 505068616<br />E-mail: kin', '31.41.82.176', '2015-11-22 19:14:54'),
	(46, 'Ewelina Piliszczuk', 'Elevelka@autograf.pl', '<h3>Wiadomość z formularza kontaktowego:</h3>Chciałabym nawiązać z państwem współpracę gdyż otwieram sklep o nazwie "Upominek dla każdego" i interesują mnie państwa produkty. Sklep będzie mieścił się w powiecie zamojskim. Czy mogłabym dostać jakąś ofertę?', '178.42.134.102', '2015-11-26 20:27:10'),
	(47, 'Anna Łepik', 'gala29@o2.pl', '<h3>Wiadomość z formularza kontaktowego:</h3>Witam serdecznie.<br />\r\nW dn.22.12.15 robilam zakupy w waszym punkcie prz ulicy 25 czerwca  rog slowacliego w Radomiu ,z przykrościa musze państwa poinformować iz obsługa ktora tam pracuje zachowuje sie skanda', '94.254.198.45', '2015-12-23 13:27:06'),
	(48, 'Ewelina Jodełka', 'ewelinka397@tlen.pl', '<h3>Wiadomość z formularza kontaktowego:</h3>Witam chciałabym zapytac czy nie poszukuja Panstwo sprzedawcy do sklepu w Gawolinie..Poszukuje pracy od zaraz na okres mozliwie najdłuzszy.Pozdrawiam <hr /><h3>Pozostałe dane:</h3>Imię i nazwisko: Ewelina Jodeł', '37.248.109.217', '2016-01-08 13:40:08'),
	(49, 'Leszek', 'leszekolczyk@tlen.pl', '<h3>Wiadomość z formularza kontaktowego:</h3>Witam czy są u was jeszcze te długopisy metalowe czarne przekręcane za 2.99 sztuka ? <hr /><h3>Pozostałe dane:</h3>Imię i nazwisko: Leszek<br />Nazwa firmy: <br />Telefon: <br />E-mail: leszekolczyk@tlen.pl<br ', '217.8.185.1', '2016-01-20 12:14:11'),
	(50, 'Anna Łepik', 'gala29@o2.pl', '<h3>Wiadomość z formularza kontaktowego:</h3>Witam serdecznie pisze do panstwa poraz drugi ,raz to byl chyba w Grudniu.w sprawie kobiety ktora ubliza klientom,podaje rysopis blondynka ok 170 cm szczupla  pracowala w piątek 22.01 na drugiej zmianie .prosze', '94.254.193.25', '2016-01-23 12:26:42'),
	(51, 'sgsdbxg25gsd@agsdsd.com', 'sgsdbxg25gsd@agsdsd.com', '<h3>Wiadomość z formularza kontaktowego:</h3>o3kH9Q http://brothosonkonlonwon.ru <hr /><h3>Pozostałe dane:</h3>Imię i nazwisko: sgsdbxg25gsd@agsdsd.com<br />Nazwa firmy: sgsdbxg25gsd@agsdsd.com<br />Telefon: sgsdbxg25gsd@agsdsd.com<br />E-mail: sgsdbxg25g', '46.148.31.28', '2016-01-24 11:04:36'),
	(52, 'Albert Durda', 'betomix@o2.pl', '<h3>Wiadomość z formularza kontaktowego:</h3>Witam, piszę do państwa z zapytaniem czy macie stałego dostawce towaru czy jesteście otwarci na inne możliwości pozyskania towaru do waszej sieci sklepów? Mam wiele artykułów, które mogłyby was zainteresować. M', '79.185.91.84', '2016-02-24 19:38:26'),
	(53, 'Paluch Violetta', 'vjm@interia.pl', '<h3>Wiadomość z formularza kontaktowego:</h3>witam interesuje mnie zakup 9 sztuk artykułu cv114608/rs czy jest taka możliwość i jaka cena byłaby z przesyłką proszę o szybki kontakt sprawa jest pilna Pozdrawiam.proszę w razie w o numer konta i dane do prze', '79.190.84.10', '2016-02-29 23:22:18'),
	(54, 'BURDACH IWONA', 'burdaszka 70 @o2.pl', '<h3>Wiadomość z formularza kontaktowego:</h3>proszę mi powiedzieć jakie są warunki zakupu abym mogła kupować wasz towar np. w woli osowińskiej <hr /><h3>Pozostałe dane:</h3>Imię i nazwisko: BURDACH IWONA<br />Nazwa firmy: sklep IWONA<br />Telefon: 6090417', '188.146.6.8', '2016-03-03 16:23:54'),
	(55, 'BURDACH IWONA', 'burdaszka 70 @o2.pl', '<h3>Wiadomość z formularza kontaktowego:</h3>proszę mi powiedzieć jakie są warunki zakupu abym mogła kupować wasz towar np. w woli osowińskiej <hr /><h3>Pozostałe dane:</h3>Imię i nazwisko: BURDACH IWONA<br />Nazwa firmy: sklep IWONA<br />Telefon: 6090417', '188.146.6.8', '2016-03-03 16:23:59'),
	(56, 'BURDACH IWONA', 'burdaszka 70 @o2.pl', '<h3>Wiadomość z formularza kontaktowego:</h3>proszę mi powiedzieć jakie są warunki zakupu abym mogła kupować wasz towar np. w woli osowińskiej <hr /><h3>Pozostałe dane:</h3>Imię i nazwisko: BURDACH IWONA<br />Nazwa firmy: sklep IWONA<br />Telefon: 6090417', '188.146.6.8', '2016-03-03 16:24:00'),
	(57, 'aneta Siebor', 'aneta11.89@o2.pl', '<h3>Wiadomość z formularza kontaktowego:</h3>Witam czy w niedziele handlowa jest czynny państwa sklep w Kozienicach ?<br />\r\nPozdrawiam <hr /><h3>Pozostałe dane:</h3>Imię i nazwisko: aneta Siebor<br />Nazwa firmy: <br />Telefon: <br />E-mail: aneta11.89@o', '213.216.100.157', '2016-03-16 19:22:18'),
	(58, 'Renata Gorączka', 'rgoraczka@wp.pl', '<h3>Wiadomość z formularza kontaktowego:</h3>Witam,<br />\r\nChciałam się dowiedzieć do której godziny czynny jest sklep z chińską odzieżą Ho Ho w Belżycach?<br />\r\nZ góry dziękuję za odpowiedź<br />\r\nPozdrawiam-Renata Gorączka <hr /><h3>Pozostałe dane:</h3', '185.6.53.2', '2016-06-29 13:24:32'),
	(59, 'Dorota Hulak', 'dorotahulak@wp.pl', '<h3>Wiadomość z formularza kontaktowego:</h3> <hr /><h3>Pozostałe dane:</h3>Imię i nazwisko: Dorota Hulak<br />Nazwa firmy: <br />Telefon: 51158<br />E-mail: dorotahulak@wp.pl<br />', '94.254.225.112', '2016-06-29 14:25:46'),
	(60, 'Dorota Hulak', 'dorotahulak@wp.pl', '<h3>Wiadomość z formularza kontaktowego:</h3>Witam, jestem zaintesowana Panstwa ofertą odnośnie otwarcia Panstwa sklepu w postacji Franczyzy w miejscowości Zamość woj. Lubelskie. Jezeli byliby Państwo zainteresowani współpracą, prośze o kontakt, oraz ofer', '94.254.225.112', '2016-06-29 14:28:19'),
	(61, 'SANJEEV DUDEJA', 'sanjeev@impactartexports.comts.com', '<h3>Wiadomość z formularza kontaktowego:</h3>We are one of the leading manufacturers & exporters of Home Furnishings, Textiles, Made-Ups & All Kinds of Floor Covering Products. We deals in Rugs, Carpets, Bath Mats, Throws, Towels, Bath Robes, Bed Covers, ', '49.200.118.93', '2016-08-11 13:59:13'),
	(62, 'Eliza Zbyrasz', 'ezbyrasz@gmail.com', '<h3>Wiadomość z formularza kontaktowego:</h3>Witam. Widziałam w waszym sklepie w Stalowej Woli dywanik łazienkowy z mikrofibry wyglądający jak dywanik z Ikei o nazwie TOFTBO - nie moge dodac tu zdjęcia. Byl on w cenie ok 23 zl - mam pytanie. Czy jest możl', '83.24.170.199', '2016-08-25 22:58:28'),
	(63, 'katarzyna', 'tomos94@op. pl', '<h3>Wiadomość z formularza kontaktowego:</h3>Witam mam nietypowe pytanie czy będą dostępne w sprzedaży gwiazdki brokatowe i takie renifery ażurowe brokatowe jak w tamtym roku?  Także doniczki kolorowe z motywem świątecznym takie fajne były bo musze zacząć', '37.47.30.227', '2016-09-05 19:14:57'),
	(64, 'Małgorzata Oszczyk', 'm-oszczyk@o2.pl', '<h3>Wiadomość z formularza kontaktowego:</h3>Witam, jestem zainteresowana talerzem do ciasta Tulipan w cenie 3,99 za sztukę. Tylko mam pytanie: czy mają Państwo do kompletu małe talerzyki i salaterki? Pozdrawiam <hr /><h3>Pozostałe dane:</h3>Imię i nazwis', '95.160.154.98', '2016-10-12 09:19:58'),
	(65, 'Guadalupe Abler', '28692Polovoy@hotmail.com', '<h3>Wiadomość z formularza kontaktowego:</h3> <hr /><h3>Pozostałe dane:</h3>Imię i nazwisko: Guadalupe Abler<br />Nazwa firmy: Karissa Sapp<br />Telefon: <br />E-mail: 28692Polovoy@hotmail.com<br />', '62.210.111.96', '2016-11-05 19:14:11'),
	(66, 'ANETA PISKAŁA', 'studio-kreator@wp.pl', '<h3>Wiadomość z formularza kontaktowego:</h3>Posiadam sklep z upominkami, chciałabym wzbogacić ofertę o niektóre artykuły z Państwa asortymentu. Pozdrawiam Aneta Piskała <hr /><h3>Pozostałe dane:</h3>Imię i nazwisko: ANETA PISKAŁA<br />Nazwa firmy: KREATO', '91.235.125.51', '2016-11-09 16:29:55'),
	(67, 'Damian Resiak', 'damres1@op.pl', '<h3>Wiadomość z formularza kontaktowego:</h3>Witam<br />\r\nPiszę do państwa w sprawię pozyskania informacji. Czy potrzebują państwo pracownika na stanowisku kierowcy bądź przedstawiciela handlowego? Mam 23 lata. Posiadam prawo jazdy od 4 lat. Dużo podróżuj', '5.172.255.112', '2016-12-16 14:47:01'),
	(68, 'Mieczysław Wiszniewski', 'martawiszniewska-1979@wp.pl', '<h3>Wiadomość z formularza kontaktowego:</h3>Witam,czy jest możliwość w hurtowni składania zamówień internetowych,jeśli tak to na jaką kwotę? Dziękuję za odpowiedz. <hr /><h3>Pozostałe dane:</h3>Imię i nazwisko: Mieczysław Wiszniewski<br />Nazwa firmy: F.', '91.146.194.218', '2016-12-20 09:34:39'),
	(69, 'Zyza Justyna', NULL, '<h3>Wiadomość z formularza kontaktowego:</h3>byłam klientkoa sklepu przy ul. Lwowskiej 19. w tomaszowie lub. przez swoja nie uwage podałam sprzedawczyni dwa banknoty 200zł. reszta została wydana tylko z 200 zł. drugi banknot nie zostałam mi zwrócony . uwa', '159.255.185.18', '2016-12-28 12:17:22'),
	(70, 'Zyza Justyna', NULL, '<h3>Wiadomość z formularza kontaktowego:</h3>pisałam do państwa firmy w dniu 28.12. myslałam ze w związku z zaistniałą sytuacja jak mnie spotka w jednym z tomaszowskich sklepów sprawa zostanie przez państwa wyjasniona a przedewszystkim  zostana wprowadzon', '159.255.185.18', '2016-12-30 10:55:20'),
	(71, 'Zyza Justyna', NULL, '<h3>Wiadomość z formularza kontaktowego:</h3>pisałam do państwa firmy w dniu 28.12. myslałam ze w związku z zaistniałą sytuacja jak mnie spotka w jednym z tomaszowskich sklepów sprawa zostanie przez państwa wyjasniona a przedewszystkim  zostana wprowadzon', '159.255.185.18', '2016-12-30 10:55:40'),
	(72, 'justyna zyza', NULL, '<h3>Wiadomość z formularza kontaktowego:</h3>Witam serdecznie chciałabym uzyskac informacje odnosnie wyjasniania sytuacji jaka mnie spotkała w jednym z Państwa sklepów.? oczywiescie jeden z kierowników z kontakotówał sie ze mna ale niestety tylko w celu b', '159.255.185.18', '2017-01-09 11:00:21'),
	(73, 'justyna zyza', NULL, '<h3>Wiadomość z formularza kontaktowego:</h3>Witam serdecznie chciałabym uzyskac informacje odnosnie wyjasniania sytuacji jaka mnie spotkała w jednym z Państwa sklepów.? oczywiescie jeden z kierowników z kontakotówał sie ze mna ale niestety tylko w celu b', '159.255.185.18', '2017-01-09 11:00:23'),
	(74, 'Justyna Zyza', 'justynazyza@wp.pl', '<h3>Wiadomość z formularza kontaktowego:</h3>Proszę o informacje, czy sprawa incydentu jaki miał miejsce w jednym z Tomszowskich sklepów prz ul. lwowskiej 19 w dn. 27.12.2016r. opisywanym prze ze mnie jest w jakis sposób wyjaśniana przez państwa firmę. Cz', '159.255.185.18', '2017-01-11 14:54:59'),
	(75, 'Agnieszka Borysiak', 'gagapa@poczta.onet.pl', '<h3>Wiadomość z formularza kontaktowego:</h3>Witam<br />\r\nW sklepie w Sokołowie podlaskim kupiłam piękne osłonki na małe doniczki białe robione na szydełku i krochmalone. Potrzebuję jeszcze ok 8 - 10. Czy jest szansa kupić je u Państwa w jednym z sklepów?', '94.254.163.89', '2017-01-19 21:51:00'),
	(76, 'Jolanta Kowalik', 'jolka25061987@interia.pl', '<h3>Wiadomość z formularza kontaktowego:</h3>Dobry wieczór mam pytanie odnośnie pracy w sklepie w Radzyniu Podlaskim . Można jeszcze składać cv? <hr /><h3>Pozostałe dane:</h3>Imię i nazwisko: Jolanta Kowalik<br />Nazwa firmy: <br />Telefon: 513447325<br /', '178.36.8.145', '2017-01-28 20:53:17'),
	(77, 'Marcin Wójtowicz', NULL, '<h3>Wiadomość z formularza kontaktowego:</h3> <hr /><h3>Pozostałe dane:</h3>Imię i nazwisko: Marcin Wójtowicz<br />Nazwa firmy: <br />Telefon: <br />E-mail: <br />', '94.254.146.120', '2017-03-22 16:58:07'),
	(78, 'Marcin Wójtowicz', NULL, '<h3>Wiadomość z formularza kontaktowego:</h3> <hr /><h3>Pozostałe dane:</h3>Imię i nazwisko: Marcin Wójtowicz<br />Nazwa firmy: <br />Telefon: <br />E-mail: <br />', '94.254.146.120', '2017-03-22 16:58:11');
/*!40000 ALTER TABLE `contact_form_message` ENABLE KEYS */;

-- Zrzut struktury tabela hoho.doctor
CREATE TABLE IF NOT EXISTS `doctor` (
  `id` int(11) NOT NULL AUTO_INCREMENT,
  `gallery_id` int(11) DEFAULT NULL,
  `fullName` varchar(255) COLLATE utf8_unicode_ci NOT NULL,
  `namePrefix` varchar(255) COLLATE utf8_unicode_ci DEFAULT NULL,
  `slug` varchar(255) COLLATE utf8_unicode_ci NOT NULL,
  `content_short` varchar(255) COLLATE utf8_unicode_ci DEFAULT NULL,
  `content` longtext COLLATE utf8_unicode_ci,
  `photo` varchar(255) COLLATE utf8_unicode_ci DEFAULT NULL,
  `seo_generate` tinyint(1) DEFAULT NULL,
  `seo_title` varchar(255) COLLATE utf8_unicode_ci DEFAULT NULL,
  `seo_keywords` varchar(255) COLLATE utf8_unicode_ci DEFAULT NULL,
  `seo_description` varchar(255) COLLATE utf8_unicode_ci DEFAULT NULL,
  `created_at` datetime NOT NULL,
  `updated_at` datetime DEFAULT NULL,
  `published_at` datetime DEFAULT NULL,
  `content_short_generate` tinyint(1) DEFAULT NULL,
  PRIMARY KEY (`id`),
  KEY `IDX_1FC0F36A4E7AF8F` (`gallery_id`),
  CONSTRAINT `FK_1FC0F36A4E7AF8F` FOREIGN KEY (`gallery_id`) REFERENCES `gallery` (`id`) ON DELETE SET NULL
) ENGINE=InnoDB AUTO_INCREMENT=4 DEFAULT CHARSET=utf8 COLLATE=utf8_unicode_ci;

-- Zrzucanie danych dla tabeli hoho.doctor: ~2 rows (około)
/*!40000 ALTER TABLE `doctor` DISABLE KEYS */;
INSERT INTO `doctor` (`id`, `gallery_id`, `fullName`, `namePrefix`, `slug`, `content_short`, `content`, `photo`, `seo_generate`, `seo_title`, `seo_keywords`, `seo_description`, `created_at`, `updated_at`, `published_at`, `content_short_generate`) VALUES
	(2, NULL, 'Irena Karaś', 'Lek. stom.', 'irena-karas', 'to change', '<p>\r\n	lorem ipsum&nbsp;lorem ipsum&nbsp;lorem ipsum&nbsp;lorem ipsum&nbsp;lorem ipsum&nbsp;lorem ipsum&nbsp;lorem ipsum&nbsp;lorem ipsum&nbsp;lorem ipsum&nbsp;lorem ipsum&nbsp;lorem ipsum&nbsp;lorem ipsum&nbsp;lorem ipsum&nbsp;lorem ipsum&nbsp;lorem ipsum&nbsp;lorem ipsum&nbsp;lorem ipsum&nbsp;lorem ipsum&nbsp;lorem ipsum&nbsp;lorem ipsum&nbsp;lorem ipsum&nbsp;lorem ipsum&nbsp;lorem ipsum&nbsp;lorem ipsum&nbsp;lorem ipsum&nbsp;lorem ipsum&nbsp;lorem ipsum&nbsp;lorem ipsum&nbsp;lorem ipsum&nbsp;lorem ipsum&nbsp;lorem ipsum&nbsp;lorem ipsum&nbsp;lorem ipsum&nbsp;lorem ipsum&nbsp;lorem ipsum&nbsp;lorem ipsum&nbsp;lorem ipsum&nbsp;lorem ipsum&nbsp;lorem ipsum&nbsp;lorem ipsum&nbsp;lorem ipsum&nbsp;lorem ipsum&nbsp;lorem ipsum&nbsp;lorem ipsum&nbsp;lorem ipsum&nbsp;lorem ipsum&nbsp;lorem ipsum&nbsp;lorem ipsum&nbsp;lorem ipsum&nbsp;lorem ipsum&nbsp;lorem ipsum&nbsp;lorem ipsum&nbsp;lorem ipsum&nbsp;lorem ipsum&nbsp;lorem ipsum&nbsp;lorem ipsum&nbsp;lorem ipsum&nbsp;lorem ipsum&nbsp;</p>', 'doctor-image-52a9e70255388.jpeg', 0, 'Irena Karaś', 'Irena, Karaś, lorem, ipsum lorem, ipsum', 'lorem ipsum lorem ipsum lorem ipsum lorem ipsum lorem ipsum lorem ipsum lorem ipsum lorem ipsum lorem ipsum lorem ipsum lorem ipsum lorem ipsum lorem ipsum lorem ipsum lorem ipsum lorem ipsum lorem ipsum lorem ipsum lorem ipsum', '2013-12-12 17:39:33', NULL, '2013-12-12 00:00:00', 0),
	(3, NULL, 'Joanna Karaś', 'Lek. dent.', 'joanna-karas', 'to change', '<p>\r\n	llorem ipsum&nbsp;llorem ipsum&nbsp;llorem ipsum&nbsp;llorem ipsum&nbsp;llorem ipsum&nbsp;llorem ipsum&nbsp;llorem ipsum&nbsp;llorem ipsum&nbsp;llorem ipsum&nbsp;llorem ipsum&nbsp;llorem ipsum&nbsp;llorem ipsum&nbsp;llorem ipsum&nbsp;llorem ipsum&nbsp;llorem ipsum&nbsp;llorem ipsum&nbsp;llorem ipsum&nbsp;llorem ipsum&nbsp;llorem ipsum&nbsp;llorem ipsum&nbsp;llorem ipsum&nbsp;llorem ipsum&nbsp;llorem ipsum&nbsp;llorem ipsum&nbsp;llorem ipsum&nbsp;llorem ipsum&nbsp;llorem ipsum&nbsp;llorem ipsum&nbsp;llorem ipsum&nbsp;llorem ipsum&nbsp;llorem ipsum&nbsp;llorem ipsum&nbsp;llorem ipsum&nbsp;llorem ipsum&nbsp;</p>', 'doctor-image-52a9ea344e070.jpeg', 0, 'Joanna Karaś', 'Joanna, Karaś, llorem, ipsum llorem, ipsum', 'llorem ipsum llorem ipsum llorem ipsum llorem ipsum llorem ipsum llorem ipsum llorem ipsum llorem ipsum llorem ipsum llorem ipsum llorem ipsum llorem ipsum llorem ipsum llorem ipsum llorem ipsum llorem ipsum llorem ipsum llorem ipsum', '2013-12-12 17:54:05', NULL, '2013-12-12 00:00:00', 0);
/*!40000 ALTER TABLE `doctor` ENABLE KEYS */;

-- Zrzut struktury tabela hoho.fos_group
CREATE TABLE IF NOT EXISTS `fos_group` (
  `id` int(11) NOT NULL AUTO_INCREMENT,
  `name` varchar(255) COLLATE utf8_unicode_ci NOT NULL,
  `roles` longtext COLLATE utf8_unicode_ci NOT NULL COMMENT '(DC2Type:array)',
  PRIMARY KEY (`id`),
  UNIQUE KEY `UNIQ_4B019DDB5E237E06` (`name`)
) ENGINE=InnoDB DEFAULT CHARSET=utf8 COLLATE=utf8_unicode_ci;

-- Zrzucanie danych dla tabeli hoho.fos_group: ~0 rows (około)
/*!40000 ALTER TABLE `fos_group` DISABLE KEYS */;
/*!40000 ALTER TABLE `fos_group` ENABLE KEYS */;

-- Zrzut struktury tabela hoho.fos_user
CREATE TABLE IF NOT EXISTS `fos_user` (
  `id` int(11) NOT NULL AUTO_INCREMENT,
  `username` varchar(255) COLLATE utf8_unicode_ci NOT NULL,
  `username_canonical` varchar(255) COLLATE utf8_unicode_ci NOT NULL,
  `email` varchar(255) COLLATE utf8_unicode_ci NOT NULL,
  `email_canonical` varchar(255) COLLATE utf8_unicode_ci NOT NULL,
  `enabled` tinyint(1) NOT NULL,
  `salt` varchar(255) COLLATE utf8_unicode_ci NOT NULL,
  `password` varchar(255) COLLATE utf8_unicode_ci NOT NULL,
  `last_login` datetime DEFAULT NULL,
  `locked` tinyint(1) NOT NULL,
  `expired` tinyint(1) NOT NULL,
  `expires_at` datetime DEFAULT NULL,
  `confirmation_token` varchar(255) COLLATE utf8_unicode_ci DEFAULT NULL,
  `password_requested_at` datetime DEFAULT NULL,
  `roles` longtext COLLATE utf8_unicode_ci NOT NULL COMMENT '(DC2Type:array)',
  `credentials_expired` tinyint(1) NOT NULL,
  `credentials_expire_at` datetime DEFAULT NULL,
  `created_at` datetime NOT NULL,
  `updated_at` datetime NOT NULL,
  `date_of_birth` datetime DEFAULT NULL,
  `firstname` varchar(64) COLLATE utf8_unicode_ci DEFAULT NULL,
  `lastname` varchar(64) COLLATE utf8_unicode_ci DEFAULT NULL,
  `website` varchar(64) COLLATE utf8_unicode_ci DEFAULT NULL,
  `biography` varchar(255) COLLATE utf8_unicode_ci DEFAULT NULL,
  `gender` varchar(1) COLLATE utf8_unicode_ci DEFAULT NULL,
  `locale` varchar(8) COLLATE utf8_unicode_ci DEFAULT NULL,
  `timezone` varchar(64) COLLATE utf8_unicode_ci DEFAULT NULL,
  `phone` varchar(64) COLLATE utf8_unicode_ci DEFAULT NULL,
  `facebook_uid` varchar(255) COLLATE utf8_unicode_ci DEFAULT NULL,
  `facebook_name` varchar(255) COLLATE utf8_unicode_ci DEFAULT NULL,
  `facebook_data` longtext COLLATE utf8_unicode_ci COMMENT '(DC2Type:json)',
  `twitter_uid` varchar(255) COLLATE utf8_unicode_ci DEFAULT NULL,
  `twitter_name` varchar(255) COLLATE utf8_unicode_ci DEFAULT NULL,
  `twitter_data` longtext COLLATE utf8_unicode_ci COMMENT '(DC2Type:json)',
  `gplus_uid` varchar(255) COLLATE utf8_unicode_ci DEFAULT NULL,
  `gplus_name` varchar(255) COLLATE utf8_unicode_ci DEFAULT NULL,
  `gplus_data` longtext COLLATE utf8_unicode_ci COMMENT '(DC2Type:json)',
  `token` varchar(255) COLLATE utf8_unicode_ci DEFAULT NULL,
  `two_step_code` varchar(255) COLLATE utf8_unicode_ci DEFAULT NULL,
  PRIMARY KEY (`id`),
  UNIQUE KEY `UNIQ_957A647992FC23A8` (`username_canonical`),
  UNIQUE KEY `UNIQ_957A6479A0D96FBF` (`email_canonical`)
) ENGINE=InnoDB AUTO_INCREMENT=7 DEFAULT CHARSET=utf8 COLLATE=utf8_unicode_ci;

-- Zrzucanie danych dla tabeli hoho.fos_user: ~4 rows (około)
/*!40000 ALTER TABLE `fos_user` DISABLE KEYS */;
INSERT INTO `fos_user` (`id`, `username`, `username_canonical`, `email`, `email_canonical`, `enabled`, `salt`, `password`, `last_login`, `locked`, `expired`, `expires_at`, `confirmation_token`, `password_requested_at`, `roles`, `credentials_expired`, `credentials_expire_at`, `created_at`, `updated_at`, `date_of_birth`, `firstname`, `lastname`, `website`, `biography`, `gender`, `locale`, `timezone`, `phone`, `facebook_uid`, `facebook_name`, `facebook_data`, `twitter_uid`, `twitter_name`, `twitter_data`, `gplus_uid`, `gplus_name`, `gplus_data`, `token`, `two_step_code`) VALUES
	(1, 'admin', 'admin', 'marcin@lemonadestudio.pl', 'marcin@lemonadestudio.pl', 1, '8tzqynr944wsgkgosc4gsgogwccgwwc', 'gYW4zflhlCI5ojBvMUhTSMdG9e3MmlU4Ft6tVUVZMQQj06UUw4EqqFCVHmFnkvtwZkHO4w4YEIOLObpi8Nj7gA==', '2017-03-23 11:57:04', 0, 0, NULL, NULL, NULL, 'a:1:{i:0;s:16:"ROLE_SUPER_ADMIN";}', 0, NULL, '2013-11-13 15:40:50', '2017-03-23 11:57:04', NULL, NULL, NULL, NULL, NULL, 'u', NULL, NULL, NULL, NULL, NULL, 'null', NULL, NULL, 'null', NULL, NULL, 'null', NULL, NULL),
	(3, 'piotrek', 'piotrek', 'piotrek@lemonadestudio.pl', 'piotrek@lemonadestudio.pl', 1, 's6ru8tk0tlwww4kocskokgcwgoogg8s', 'BuNILmILotn5V25iTb7pv6ZmTpOwUj8fipxvT69PE8TpMRGOYZEwmuDIlOHqqQEeoVrC3NKITDa4GlJjU7cPpg==', '2013-12-31 14:59:14', 0, 0, NULL, NULL, NULL, 'a:1:{i:0;s:16:"ROLE_SUPER_ADMIN";}', 0, NULL, '2013-12-09 18:21:30', '2013-12-31 14:59:14', NULL, NULL, NULL, NULL, NULL, 'u', NULL, NULL, NULL, NULL, NULL, 'null', NULL, NULL, 'null', NULL, NULL, 'null', NULL, NULL),
	(5, 'hoho', 'hoho', 'sellmax@op.pl', 'sellmax@op.pl', 1, 'k7xyzonm1yosggc8g0osg84owwswckc', 'FXCmukUm8Cw9vaJFMA3VtUB6UoKTiuRfvkSPXHAowdr6ZM+bFyXFPKrvppkdsDd6UoBspSkyBZWiWgcZz+qE6w==', '2016-06-24 08:24:54', 0, 0, NULL, NULL, NULL, 'a:2:{i:0;s:17:"ROLE_SONATA_ADMIN";i:1;s:16:"ROLE_SUPER_ADMIN";}', 0, NULL, '2013-12-19 16:58:07', '2016-06-24 08:24:54', NULL, NULL, NULL, NULL, NULL, 'u', NULL, NULL, NULL, NULL, NULL, 'null', NULL, NULL, 'null', NULL, NULL, 'null', NULL, NULL),
	(6, 'michal', 'michal', 'kontakt@luszczakmichal.com', 'kontakt@luszczakmichal.com', 1, '3r7aiflkpx2c8s88gkgoggkogokk0cg', '3r8dprpLVMubP3UpU92KsTcri0ADXCA7MOopFqyrApuMxvKcqLpLoZSh8DvzePvzeHyHCb2RbGex1b9Z9CWqXQ==', '2017-03-22 17:33:35', 0, 0, NULL, NULL, NULL, 'a:1:{i:0;s:10:"ROLE_ADMIN";}', 0, NULL, '2017-03-16 15:10:10', '2017-03-22 17:33:35', NULL, NULL, NULL, NULL, NULL, 'u', NULL, NULL, NULL, NULL, NULL, 'null', NULL, NULL, 'null', NULL, NULL, 'null', NULL, NULL);
/*!40000 ALTER TABLE `fos_user` ENABLE KEYS */;

-- Zrzut struktury tabela hoho.fos_user_user_group
CREATE TABLE IF NOT EXISTS `fos_user_user_group` (
  `user_id` int(11) NOT NULL,
  `group_id` int(11) NOT NULL,
  PRIMARY KEY (`user_id`,`group_id`),
  KEY `IDX_B3C77447A76ED395` (`user_id`),
  KEY `IDX_B3C77447FE54D947` (`group_id`),
  CONSTRAINT `FK_B3C77447A76ED395` FOREIGN KEY (`user_id`) REFERENCES `fos_user` (`id`) ON DELETE CASCADE,
  CONSTRAINT `FK_B3C77447FE54D947` FOREIGN KEY (`group_id`) REFERENCES `fos_group` (`id`) ON DELETE CASCADE
) ENGINE=InnoDB DEFAULT CHARSET=utf8 COLLATE=utf8_unicode_ci;

-- Zrzucanie danych dla tabeli hoho.fos_user_user_group: ~0 rows (około)
/*!40000 ALTER TABLE `fos_user_user_group` DISABLE KEYS */;
/*!40000 ALTER TABLE `fos_user_user_group` ENABLE KEYS */;

-- Zrzut struktury tabela hoho.gallery
CREATE TABLE IF NOT EXISTS `gallery` (
  `id` int(11) NOT NULL AUTO_INCREMENT,
  `title` varchar(255) COLLATE utf8_unicode_ci NOT NULL,
  `slug` varchar(255) COLLATE utf8_unicode_ci NOT NULL,
  `on_list` tinyint(1) NOT NULL DEFAULT '0',
  `attachable` tinyint(1) NOT NULL DEFAULT '0',
  `seo_generate` tinyint(1) DEFAULT NULL,
  `seo_title` varchar(255) COLLATE utf8_unicode_ci DEFAULT NULL,
  `seo_keywords` varchar(255) COLLATE utf8_unicode_ci DEFAULT NULL,
  `seo_description` varchar(255) COLLATE utf8_unicode_ci DEFAULT NULL,
  `created_at` datetime NOT NULL,
  `updated_at` datetime DEFAULT NULL,
  PRIMARY KEY (`id`)
) ENGINE=InnoDB AUTO_INCREMENT=81 DEFAULT CHARSET=utf8 COLLATE=utf8_unicode_ci;

-- Zrzucanie danych dla tabeli hoho.gallery: ~71 rows (około)
/*!40000 ALTER TABLE `gallery` DISABLE KEYS */;
INSERT INTO `gallery` (`id`, `title`, `slug`, `on_list`, `attachable`, `seo_generate`, `seo_title`, `seo_keywords`, `seo_description`, `created_at`, `updated_at`) VALUES
	(4, 'Radzyń Podlaski ul.Chomiczewskiego 15', 'radzyn-podlaski-ul-chomiczewskiego-15', 1, 1, 1, 'Radzyń Podlaski ul.Chomiczewskiego 15', NULL, NULL, '2013-12-20 20:50:56', NULL),
	(5, 'Siedlce ul.Wojskowa 18', 'siedlce-ul-wojskowa-18', 1, 1, 1, 'Siedlce ul.Wojskowa 18', NULL, NULL, '2013-12-20 21:00:15', NULL),
	(7, 'Mińsk Mazowiecki ul.Warszawska 111', 'minsk-mazowiecki-ul-warszawska-111', 1, 1, 1, 'Mińsk Mazowiecki ul.Warszawska 111', NULL, NULL, '2013-12-20 21:14:26', NULL),
	(8, 'Bełżyce ul.Spółdzielcza2', 'belzyce-ul-spoldzielcza2', 1, 1, 1, 'Bełżyce ul.Spółdzielcza2', NULL, NULL, '2013-12-23 08:56:02', NULL),
	(9, 'Ryki ul.Rynek Stary 1/5', 'ryki-ul-rynek-stary-1-5', 1, 1, 1, 'Ryki ul.Rynek Stary 1/5', NULL, NULL, '2013-12-23 09:09:07', NULL),
	(11, 'Lublin ul.Wolska 111', 'lublin-ul-wolska-111', 1, 1, 1, 'Lublin ul.Wolska 111', NULL, NULL, '2013-12-23 09:18:14', NULL),
	(12, 'Biłgoraj ul.Widok 4', 'bilgoraj-ul-widok-4', 1, 1, 1, 'Biłgoraj ul.Widok 4', NULL, NULL, '2013-12-23 09:23:25', NULL),
	(13, 'Opole Lubelskie ul.Piekarska 4', 'opole-lubelskie-ul-piekarska-4', 1, 1, 1, 'Opole Lubelskie ul.Piekarska 4', NULL, NULL, '2013-12-23 09:26:24', NULL),
	(14, 'Stoczek Łukowski Plac Kościuszki 2', 'stoczek-lukowski-plac-kosciuszki-2', 1, 1, 1, 'Stoczek Łukowski Plac Kościuszki 2', NULL, NULL, '2013-12-23 09:28:28', NULL),
	(15, 'Bielsk Podlaski ul.Mickiewicza 38', 'bielsk-podlaski-ul-mickiewicza-38', 1, 1, 1, 'Bielsk Podlaski ul.Mickiewicza 38', NULL, NULL, '2013-12-23 09:50:04', NULL),
	(16, 'Bielsk Podlaski ul.Szkolna 2A', 'bielsk-podlaski-ul-szkolna-2a', 1, 1, 1, 'Bielsk Podlaski ul.Szkolna 2A', NULL, NULL, '2013-12-23 09:53:22', NULL),
	(17, 'Radzyń Podl.ul.Warszawska 63/67', 'radzyn-podl-ul-warszawska-63-67', 1, 1, 0, NULL, NULL, NULL, '2013-12-23 09:57:19', NULL),
	(18, 'Siemiatycze ul.Jana Pawła II 14', 'siemiatycze-ul-jana-pawla-ii-14', 1, 1, 1, 'Siemiatycze ul.Jana Pawła II 14', NULL, NULL, '2013-12-23 09:59:11', NULL),
	(19, 'Kozienice ul.Warszawska 34', 'kozienice-ul-warszawska-34', 1, 1, 1, 'Kozienice ul.Warszawska 34', NULL, NULL, '2013-12-23 10:01:40', NULL),
	(20, 'Biłgoraj ul.Kościuszki 24', 'bilgoraj-ul-kosciuszki-24', 1, 1, 1, 'Biłgoraj ul.Kościuszki 24', NULL, NULL, '2013-12-23 10:05:44', NULL),
	(21, 'Janów Lubelski ul.Wesoła 5', 'janow-lubelski-ul-wesola-5', 1, 1, 1, 'Janów Lubelski ul.Wesoła 5', NULL, NULL, '2013-12-23 10:08:29', NULL),
	(22, 'Poniatowa ul.Przechodnia 39', 'poniatowa-ul-przechodnia-39', 1, 1, 1, 'Poniatowa ul.Przechodnia 39', NULL, NULL, '2013-12-23 10:12:47', NULL),
	(24, 'Ryki ul.Warszawska 15', 'ryki-ul-warszawska-15', 1, 1, 1, 'Ryki ul.Warszawska 15', NULL, NULL, '2013-12-23 10:20:40', NULL),
	(25, 'Tomaszów Lubelski ul.Lwowska 14', 'tomaszow-lubelski-ul-lwowska-14', 1, 1, 1, 'Tomaszów Lubelski ul.Lwowska 14', NULL, NULL, '2013-12-23 10:23:33', NULL),
	(26, 'Włodawa ul.Czerwonego Krzyża 14a', 'wlodawa-ul-czerwonego-krzyza-14a', 1, 1, 1, 'Włodawa ul.Czerwonego Krzyża 14a', NULL, NULL, '2013-12-23 10:27:23', NULL),
	(27, 'Włodawa ul.Żeromskiego 23', 'wlodawa-ul-zeromskiego-23', 1, 1, 1, 'Włodawa ul.Żeromskiego 23', NULL, NULL, '2013-12-27 13:14:02', NULL),
	(28, 'Biała Podlaska ul.Szkolny Dwór 10', 'biala-podlaska-ul-szkolny-dwor-10', 1, 1, 1, 'Biała Podlaska ul.Szkolny Dwór 10', NULL, NULL, '2013-12-27 13:37:22', NULL),
	(29, 'Biała Podlaska ul.Prosta 4', 'biala-podlaska-ul-prosta-4', 1, 1, 1, 'Biała Podlaska ul.Prosta 4', NULL, NULL, '2013-12-27 13:37:45', NULL),
	(30, 'Chełm ul.Lubelska 17', 'chelm-ul-lubelska-17', 1, 1, 1, 'Chełm ul.Lubelska 17', NULL, NULL, '2013-12-27 13:38:10', NULL),
	(31, 'Ciechanowiec ul.Plac Ks.Kluka 3a', 'ciechanowiec-ul-plac-ks-kluka-3a', 1, 1, 1, 'Ciechanowiec ul.Plac Ks.Kluka 3a', NULL, NULL, '2013-12-27 13:38:36', NULL),
	(32, 'Hajnówka ul.Wierobieja 2', 'hajnowka-ul-wierobieja-2', 1, 1, 1, 'Hajnówka ul.Wierobieja 2', NULL, NULL, '2013-12-27 13:39:08', NULL),
	(33, 'Hrubieszów ul.Narutowicza 54', 'hrubieszow-ul-narutowicza-54', 1, 1, 1, 'Hrubieszów ul.Narutowicza 54', NULL, NULL, '2013-12-27 13:40:08', NULL),
	(34, 'Krasnystaw ul.Okszei 8', 'krasnystaw-ul-okszei-8', 1, 1, 1, 'Krasnystaw ul.Okszei 8', NULL, NULL, '2013-12-27 13:40:29', NULL),
	(35, 'Kraśnik ul.Urzędowska 36', 'krasnik-ul-urzedowska-36', 1, 1, 1, 'Kraśnik ul.Urzędowska 36', NULL, NULL, '2013-12-27 13:40:53', NULL),
	(36, 'Kraśnik ul.Lubelska 46', 'krasnik-ul-lubelska-46', 1, 1, 1, 'Kraśnik ul.Lubelska 46', NULL, NULL, '2013-12-27 13:41:15', NULL),
	(37, 'Lipsko ul.Zwoleńska 8 A', 'lipsko-ul-zwolenska-8-a', 1, 1, 0, NULL, NULL, NULL, '2013-12-27 13:41:41', NULL),
	(38, 'Lubartów ul.Legionów 37', 'lubartow-ul-legionow-37', 1, 1, 1, 'Lubartów ul.Legionów 37', NULL, NULL, '2013-12-27 13:42:09', NULL),
	(39, 'Łapy ul.Główna 1', 'lapy-ul-glowna-1', 1, 1, 1, 'Łapy ul.Główna 1', NULL, NULL, '2013-12-27 13:42:33', NULL),
	(40, 'Łapy ul.Sikorskiego 38', 'lapy-ul-sikorskiego-38', 1, 1, 1, 'Łapy ul.Sikorskiego 38', NULL, NULL, '2013-12-27 13:42:52', NULL),
	(41, 'Łosice ul.Rynek 3', 'losice-ul-rynek-3', 1, 1, 1, 'Łosice ul.Rynek 3', NULL, NULL, '2013-12-27 13:43:13', NULL),
	(42, 'Łuków ul.Wyszyńskiego 10/17', 'lukow-ul-wyszynskiego-10-17', 1, 1, 1, 'Łuków ul.Wyszyńskiego 10/17', NULL, NULL, '2013-12-27 13:43:34', NULL),
	(43, 'Międzyrzec Podlaski ul.Brzeska 23', 'miedzyrzec-podlaski-ul-brzeska-23', 1, 1, 1, 'Międzyrzec Podlaski ul.Brzeska 23', NULL, NULL, '2013-12-27 13:43:58', NULL),
	(44, 'Międzyrzec Podlaski ul.Warszawska 29', 'miedzyrzec-podlaski-ul-warszawska-29', 1, 1, 1, 'Międzyrzec Podlaski ul.Warszawska 29', NULL, NULL, '2013-12-27 13:44:23', NULL),
	(45, 'Ostrowiec Świętokrzyski ul.Rynek 50b', 'ostrowiec-swietokrzyski-ul-rynek-50b', 1, 1, 1, 'Ostrowiec Świętokrzyski ul.Rynek 50b', NULL, NULL, '2013-12-27 13:44:53', NULL),
	(46, 'Ostrów Mazowiecka ul.3 maja 9', 'ostrow-mazowiecka-ul-3-maja-9', 1, 1, 1, 'Ostrów Mazowiecka ul.3 maja 9', NULL, NULL, '2013-12-27 13:45:33', NULL),
	(47, 'Radom ul.Krauza 17a', 'radom-ul-krauza-17a', 1, 1, 1, 'Radom ul.Krauza 17a', NULL, NULL, '2013-12-27 13:46:00', NULL),
	(48, 'Radzyń PodL. UL.Pocztowa 4', 'radzyn-podl-ul-pocztowa-4', 1, 1, 1, 'Radzyń PodL. UL.Pocztowa 4', NULL, NULL, '2013-12-27 13:46:38', NULL),
	(50, 'Sokołów Podlaski ul.Magistracka 1', 'sokolow-podlaski-ul-magistracka-1', 1, 1, 1, 'Sokołów Podlaski ul.Magistracka 1', NULL, NULL, '2013-12-27 13:47:29', NULL),
	(51, 'Szydłowiec ul.Staszica 19a', 'szydlowiec-ul-staszica-19a', 1, 1, 1, 'Szydłowiec ul.Staszica 19a', NULL, NULL, '2013-12-27 13:47:53', NULL),
	(52, 'Tomaszów Lubelski ul.Lwowska 19', 'tomaszow-lubelski-ul-lwowska-19', 1, 1, 1, 'Tomaszów Lubelski ul.Lwowska 19', NULL, NULL, '2013-12-27 13:48:50', NULL),
	(53, 'Tomaszów Lubelski ul.Lwowska 56', 'tomaszow-lubelski-ul-lwowska-56', 1, 1, 1, 'Tomaszów Lubelski ul.Lwowska 56', NULL, NULL, '2013-12-27 13:49:15', NULL),
	(54, 'Węgrów ul.Rynkowa 3', 'wegrow-ul-rynkowa-3', 1, 1, 1, 'Węgrów ul.Rynkowa 3', NULL, NULL, '2013-12-27 13:49:49', NULL),
	(55, 'Wysokie Mazowieckie ul.Jagielońska 35', 'wysokie-mazowieckie-ul-jagielonska-35', 1, 1, 1, 'Wysokie Mazowieckie ul.Jagielońska 35', NULL, NULL, '2013-12-27 13:50:19', NULL),
	(56, 'HOHO', 'hoho', 1, 1, 1, 'HOHO', NULL, NULL, '2014-01-03 09:20:20', NULL),
	(57, 'Siedlce ul.Pułaskiego 10', 'siedlce-ul-pulaskiego-10', 1, 1, 0, NULL, NULL, NULL, '2014-01-28 13:42:47', NULL),
	(58, 'Kock ul.1 maja 11', 'kock-ul-1-maja-11', 1, 1, 0, NULL, NULL, NULL, '2014-03-07 16:06:35', NULL),
	(59, 'Starachowice ul.Niska 6', 'starachowice-ul-niska-6', 1, 1, 0, NULL, NULL, NULL, '2014-03-13 09:10:54', NULL),
	(60, 'Skarżysko Kamienna ul.Krasińskiego 20', 'skarzysko-kamienna-ul-krasinskiego-20', 1, 1, 0, NULL, NULL, NULL, '2014-06-02 11:32:14', NULL),
	(61, 'Gazetka', 'gazetka', 0, 1, 0, NULL, NULL, NULL, '2014-06-13 18:20:33', NULL),
	(62, 'Hrubieszów ul.Ludna 9', 'hrubieszow-ul-ludna-9', 1, 1, 0, NULL, NULL, NULL, '2014-06-18 08:20:34', NULL),
	(63, 'Brańsk ul.Rynek 43', 'bransk-ul-rynek-43', 1, 1, 0, NULL, NULL, NULL, '2014-07-15 08:12:00', NULL),
	(65, 'Terespol ul.Wojska Polskiego 134', 'terespol-ul-wojska-polskiego-134', 1, 1, 0, NULL, NULL, NULL, '2014-09-04 08:27:22', NULL),
	(66, 'Łuków ul.Staropijarska 20 piętro 1', 'lukow-ul-staropijarska-20-pietro-1', 1, 1, 0, NULL, NULL, NULL, '2014-09-23 08:47:16', NULL),
	(67, 'Ostrowiec Świętokrzyski ul.Górzysta 6', 'ostrowiec-swietokrzyski-ul-gorzysta-6', 1, 1, 0, NULL, NULL, NULL, '2015-02-03 12:05:25', NULL),
	(69, 'Kielce ul.Sienkiewicza 68', 'kielce-ul-sienkiewicza-68', 1, 1, 0, NULL, NULL, NULL, '2015-02-24 14:21:23', NULL),
	(70, 'Puławy UL.Piłsudskiego 24', 'pulawy-ul-pilsudskiego-24', 1, 1, 0, NULL, NULL, NULL, '2015-07-28 14:41:51', NULL),
	(71, 'Garwolin ul.Kościuszki 1', 'garwolin-ul-kosciuszki-1', 1, 1, 0, NULL, NULL, NULL, '2015-08-07 14:01:37', NULL),
	(72, 'Łochów ul.1 maja 2 piętro 1', 'lochow-ul-1-maja-2-pietro-1', 1, 1, 0, NULL, NULL, NULL, '2015-10-06 15:27:36', NULL),
	(73, 'Lublin ul.Zamojska 12', 'lublin-ul-zamojska-12', 1, 1, 0, NULL, NULL, NULL, '2015-10-06 15:56:58', NULL),
	(74, 'Radom ul.Słowackiego 19', 'radom-ul-slowackiego-19', 1, 1, 0, NULL, NULL, NULL, '2015-10-09 08:42:22', NULL),
	(75, 'Łuków ul.Międzyrzecka 6 a', 'lukow-ul-miedzyrzecka-6-a', 1, 1, 0, NULL, NULL, NULL, '2015-10-09 08:45:19', NULL),
	(76, 'Parczew ul.Kościelna 54 A', 'parczew-ul-koscielna-54-a', 1, 1, 0, NULL, NULL, NULL, '2015-10-30 11:41:39', NULL),
	(77, 'Kraśnik Fabryczny', 'krasnik-fabryczny', 1, 1, 0, NULL, NULL, NULL, '2015-11-20 09:33:28', NULL),
	(78, 'Sandomierz ul.Mickiewicza 46 b', 'sandomierz-ul-mickiewicza-46-b', 1, 1, 0, NULL, NULL, NULL, '2015-11-20 09:39:06', NULL),
	(79, 'Dęblin ul.Warszawska 34', 'deblin-ul-warszawska-34', 1, 1, 0, NULL, NULL, NULL, '2015-12-04 11:56:59', NULL),
	(80, 'Międzyrzec Podlaski ul.Lubelska 6', 'miedzyrzec-podlaski-ul-lubelska-6', 1, 1, 0, NULL, NULL, NULL, '2016-04-28 12:22:03', NULL);
/*!40000 ALTER TABLE `gallery` ENABLE KEYS */;

-- Zrzut struktury tabela hoho.gallery_photo
CREATE TABLE IF NOT EXISTS `gallery_photo` (
  `id` int(11) NOT NULL AUTO_INCREMENT,
  `gallery_id` int(11) DEFAULT NULL,
  `photo` varchar(255) COLLATE utf8_unicode_ci DEFAULT NULL,
  `arrangement` int(11) NOT NULL,
  PRIMARY KEY (`id`),
  KEY `IDX_F02A543B4E7AF8F` (`gallery_id`),
  CONSTRAINT `FK_F02A543B4E7AF8F` FOREIGN KEY (`gallery_id`) REFERENCES `gallery` (`id`) ON DELETE CASCADE
) ENGINE=InnoDB AUTO_INCREMENT=692 DEFAULT CHARSET=utf8 COLLATE=utf8_unicode_ci;

-- Zrzucanie danych dla tabeli hoho.gallery_photo: ~498 rows (około)
/*!40000 ALTER TABLE `gallery_photo` DISABLE KEYS */;
INSERT INTO `gallery_photo` (`id`, `gallery_id`, `photo`, `arrangement`) VALUES
	(67, 4, 'gallery-image-52b7ea8be9b08.jpeg', 1),
	(68, 4, 'gallery-image-52b7ea9b9290b.jpeg', 2),
	(71, 4, 'gallery-image-52b7eacd87488.jpeg', 3),
	(72, 4, 'gallery-image-52b7eb0fde4b9.jpeg', 4),
	(73, 4, 'gallery-image-52b7eb2124226.jpeg', 5),
	(74, 4, 'gallery-image-52b7eb5219437.jpeg', 6),
	(77, 5, 'gallery-image-52b7ebfcdb5fa.jpeg', 1),
	(78, 5, 'gallery-image-52b7ec0b7d1d0.jpeg', 2),
	(79, 5, 'gallery-image-52b7ec1b14313.jpeg', 3),
	(81, 8, 'gallery-image-52b7edaf5cc74.jpeg', 1),
	(82, 8, 'gallery-image-52b7edc0a9759.jpeg', 2),
	(83, 9, 'gallery-image-52b7efc1ca90e.jpeg', 1),
	(84, 9, 'gallery-image-52b7efdb5a414.jpeg', 2),
	(91, 7, 'gallery-image-52b7f167bbda3.jpeg', 1),
	(92, 11, 'gallery-image-52b7f232d8eee.jpeg', 2),
	(94, 11, 'gallery-image-52b7f256be0e6.jpeg', 3),
	(96, 11, 'gallery-image-52b7f27e7f743.jpeg', 4),
	(97, 12, 'gallery-image-52b7f31b97925.jpeg', 5),
	(98, 12, 'gallery-image-52b7f3332c31e.jpeg', 4),
	(99, 12, 'gallery-image-52b7f345664f7.jpeg', 1),
	(100, 13, 'gallery-image-52b7f3cb1aa13.jpeg', 1),
	(101, 13, 'gallery-image-52b7f3dd730d8.jpeg', 2),
	(102, 14, 'gallery-image-52b7f4433f337.jpeg', 1),
	(105, 15, 'gallery-image-52b7f99808add.jpeg', 1),
	(106, 15, 'gallery-image-52b7f9a52515e.jpeg', 2),
	(107, 16, 'gallery-image-52b7fa1bbb902.jpeg', 1),
	(111, 18, 'gallery-image-52b7fb7188550.jpeg', 1),
	(112, 18, 'gallery-image-52b7fb85a8be0.jpeg', 2),
	(113, 18, 'gallery-image-52b7fb91cf8b7.jpeg', 3),
	(117, 14, 'gallery-image-52b7fc82736f0.jpeg', 2),
	(118, 14, 'gallery-image-52b7fc8f644ec.jpeg', 3),
	(119, 20, 'gallery-image-52b7fd0a1546c.jpeg', 1),
	(120, 20, 'gallery-image-52b7fd1ba45c3.jpeg', 2),
	(121, 20, 'gallery-image-52b7fd29ce29a.jpeg', 3),
	(122, 21, 'gallery-image-52b7fdadeab4b.jpeg', 1),
	(123, 21, 'gallery-image-52b7fdbea2848.jpeg', 2),
	(124, 21, 'gallery-image-52b7fdd6a4ef1.jpeg', 3),
	(125, 22, 'gallery-image-52b7feaa31026.jpeg', 1),
	(126, 22, 'gallery-image-52b7feb86500a.jpeg', 2),
	(127, 22, 'gallery-image-52b7fec7dac33.jpeg', 3),
	(128, 22, 'gallery-image-52b7fed8afe66.jpeg', 4),
	(129, 22, 'gallery-image-52b7fee96b255.jpeg', 5),
	(135, 24, 'gallery-image-52b80085ebb80.jpeg', 1),
	(136, 24, 'gallery-image-52b8009601b04.jpeg', 2),
	(137, 24, 'gallery-image-52b800a89dcaf.jpeg', 3),
	(139, 25, 'gallery-image-52b80146d4dd6.jpeg', 1),
	(140, 25, 'gallery-image-52b80158de236.jpeg', 2),
	(141, 25, 'gallery-image-52b8016cce237.jpeg', 3),
	(142, 25, 'gallery-image-52b8017e7265a.jpeg', 4),
	(143, 25, 'gallery-image-52b8018e984cc.jpeg', 5),
	(144, 26, 'gallery-image-52b8021109ed4.jpeg', 1),
	(145, 26, 'gallery-image-52b8021f298e6.jpeg', 2),
	(148, 27, 'gallery-image-52bd6f1e8502e.jpeg', 1),
	(155, 56, 'gallery-image-52c672fc59983.jpeg', 1),
	(156, 51, 'gallery-image-52d401a6479a1.jpeg', 1),
	(157, 51, 'gallery-image-52d4022e96f5d.jpeg', 2),
	(158, 51, 'gallery-image-52d4026354271.jpeg', 3),
	(160, 45, 'gallery-image-52d68487a44e3.jpeg', 1),
	(161, 45, 'gallery-image-52d684963a34f.jpeg', 2),
	(162, 45, 'gallery-image-52d684abc9467.jpeg', 3),
	(166, 33, 'gallery-image-52d68534ca8fc.jpeg', 1),
	(167, 33, 'gallery-image-52d68545dc714.jpeg', 2),
	(168, 33, 'gallery-image-52d685540d136.jpeg', 3),
	(169, 33, 'gallery-image-52d6856986dd0.jpeg', 4),
	(170, 52, 'gallery-image-52d6859649bb3.jpeg', 1),
	(171, 52, 'gallery-image-52d685a272fe2.jpeg', 2),
	(172, 52, 'gallery-image-52d685af78d03.jpeg', 3),
	(173, 53, 'gallery-image-52d685cc72535.jpeg', 1),
	(174, 53, 'gallery-image-52d685db2328c.jpeg', 2),
	(175, 53, 'gallery-image-52d685e7ebfbd.jpeg', 3),
	(176, 43, 'gallery-image-52e0d30220fb4.jpeg', 1),
	(177, 43, 'gallery-image-52e0d3198be3f.jpeg', 2),
	(178, 43, 'gallery-image-52e0d38dea4d0.jpeg', 3),
	(179, 43, 'gallery-image-52e0d39ad92dc.jpeg', 4),
	(180, 43, 'gallery-image-52e0d3aa4045b.jpeg', 5),
	(181, 43, 'gallery-image-52e0d3b6aa48d.jpeg', 6),
	(182, 43, 'gallery-image-52e0d3c45a2b1.jpeg', 7),
	(183, 43, 'gallery-image-52e0d3d2e9bef.jpeg', 8),
	(184, 32, 'gallery-image-52e0d6b35eab4.jpeg', 2),
	(185, 32, 'gallery-image-52e0d6c1e63b2.jpeg', 3),
	(186, 32, 'gallery-image-52e0d6d1c97a0.jpeg', 4),
	(187, 44, 'gallery-image-52e0d8834dcbb.jpeg', 1),
	(188, 44, 'gallery-image-52e0d8905525a.jpeg', 2),
	(189, 44, 'gallery-image-52e0d89f9417d.jpeg', 3),
	(190, 28, 'gallery-image-52e0da15b8015.jpeg', 1),
	(191, 28, 'gallery-image-52e0da22cb05d.jpeg', 2),
	(192, 28, 'gallery-image-52e0da2fc1ca1.jpeg', 3),
	(193, 28, 'gallery-image-52e0da3c285ad.jpeg', 4),
	(194, 57, 'gallery-image-52e7a5e65cbfe.jpeg', 1),
	(195, 57, 'gallery-image-52e7a5efdf1a7.jpeg', 2),
	(196, 57, 'gallery-image-52e7a5f8f106a.jpeg', 3),
	(197, 57, 'gallery-image-52e7a60c6d71f.jpeg', 4),
	(198, 57, 'gallery-image-52e7a6159dfb9.jpeg', 5),
	(200, 57, 'gallery-image-52e7a6284f01b.jpeg', 6),
	(203, 51, 'gallery-image-52f885ea7d4f6.jpeg', 4),
	(207, 59, 'gallery-image-5321684ac7d25.jpeg', 1),
	(208, 59, 'gallery-image-5321685aa3275.jpeg', 2),
	(209, 59, 'gallery-image-5321686b02d51.jpeg', 3),
	(210, 59, 'gallery-image-53216885a5ffa.jpeg', 4),
	(211, 24, 'gallery-image-53565fa6c54d0.jpeg', 4),
	(212, 24, 'gallery-image-5356602e20e5e.jpeg', 5),
	(213, 24, 'gallery-image-5356611507907.jpeg', 6),
	(214, 32, 'gallery-image-53578f9c8b894.jpeg', 1),
	(216, 32, 'gallery-image-53578fd21e0ea.jpeg', 5),
	(217, 32, 'gallery-image-53578fe6d356e.jpeg', 6),
	(218, 32, 'gallery-image-535790014aa3b.jpeg', 7),
	(220, 32, 'gallery-image-5357903b0adad.jpeg', 8),
	(221, 15, 'gallery-image-535793f77c4a5.jpeg', 3),
	(222, 15, 'gallery-image-5357940985505.jpeg', 4),
	(223, 15, 'gallery-image-5357941c94d19.jpeg', 5),
	(224, 15, 'gallery-image-53579452e3b9b.jpeg', 6),
	(226, 15, 'gallery-image-535794a0dea73.jpeg', 7),
	(227, 15, 'gallery-image-535794cc8ba8f.jpeg', 8),
	(229, 16, 'gallery-image-535795045443f.jpeg', 2),
	(230, 16, 'gallery-image-5357951736b06.jpeg', 3),
	(231, 16, 'gallery-image-53579529a4b19.jpeg', 4),
	(233, 16, 'gallery-image-5357955db78f2.jpeg', 5),
	(234, 16, 'gallery-image-5357957a507b4.jpeg', 6),
	(235, 58, 'gallery-image-53760d0969fc3.jpeg', 1),
	(236, 58, 'gallery-image-53760d16d9e23.jpeg', 2),
	(237, 58, 'gallery-image-53760d25238da.jpeg', 3),
	(238, 58, 'gallery-image-53760d376b7cb.jpeg', 4),
	(239, 58, 'gallery-image-53760d4c2d503.jpeg', 5),
	(240, 58, 'gallery-image-53760d596db50.jpeg', 6),
	(242, 26, 'gallery-image-5376109e3d2ce.jpeg', 3),
	(243, 26, 'gallery-image-537610ae31c9b.jpeg', 4),
	(244, 26, 'gallery-image-537610bb72445.jpeg', 5),
	(245, 26, 'gallery-image-537610c938eeb.jpeg', 6),
	(246, 26, 'gallery-image-537610d6bc0d6.jpeg', 7),
	(247, 26, 'gallery-image-537610f471e9f.jpeg', 8),
	(248, 26, 'gallery-image-537611065a868.jpeg', 9),
	(249, 26, 'gallery-image-5376111274b54.jpeg', 11),
	(250, 26, 'gallery-image-537611555c05a.jpeg', 12),
	(253, 55, 'gallery-image-537614d24ba88.jpeg', 1),
	(254, 55, 'gallery-image-537614df78b67.jpeg', 2),
	(255, 55, 'gallery-image-537614ed1694e.jpeg', 3),
	(256, 55, 'gallery-image-537614fef0a8b.jpeg', 4),
	(257, 55, 'gallery-image-5376150f6aad8.jpeg', 5),
	(258, 55, 'gallery-image-5376151c72195.jpeg', 6),
	(259, 55, 'gallery-image-5376152f20349.jpeg', 7),
	(260, 55, 'gallery-image-5376153ea0e22.jpeg', 8),
	(261, 55, 'gallery-image-53761559bcea3.jpeg', 9),
	(262, 27, 'gallery-image-537616ea1f0e4.jpeg', 2),
	(263, 27, 'gallery-image-537616f6ee416.jpeg', 3),
	(264, 27, 'gallery-image-537617036458b.jpeg', 4),
	(265, 27, 'gallery-image-5379a84e36cba.jpeg', 5),
	(273, 13, 'gallery-image-5379b4a3cca43.jpeg', 3),
	(274, 13, 'gallery-image-5379b4b1e475e.jpeg', 4),
	(275, 13, 'gallery-image-5379b4c1b5736.jpeg', 5),
	(276, 13, 'gallery-image-5379b4d80493e.jpeg', 6),
	(277, 13, 'gallery-image-5379b4e7866eb.jpeg', 7),
	(278, 13, 'gallery-image-5379b4f7b5e58.jpeg', 8),
	(279, 13, 'gallery-image-5379b506ae37a.jpeg', 9),
	(280, 22, 'gallery-image-5379b53639673.jpeg', 6),
	(281, 22, 'gallery-image-5379b547015cb.jpeg', 7),
	(282, 22, 'gallery-image-5379b5553bd5f.jpeg', 8),
	(283, 22, 'gallery-image-5379b56be558c.jpeg', 9),
	(293, 9, 'gallery-image-5379b87e89d29.jpeg', 3),
	(295, 9, 'gallery-image-5379b8a69d8d4.jpeg', 4),
	(296, 9, 'gallery-image-5379b8babb725.jpeg', 5),
	(297, 9, 'gallery-image-5379b8d06f282.jpeg', 6),
	(298, 9, 'gallery-image-5379b8e1e2771.jpeg', 7),
	(299, 9, 'gallery-image-5379b8f42604c.jpeg', 8),
	(300, 29, 'gallery-image-5379be1329812.jpeg', 1),
	(301, 29, 'gallery-image-5379be2053749.jpeg', 2),
	(302, 29, 'gallery-image-5379be2e4efcb.jpeg', 3),
	(303, 29, 'gallery-image-5379be3c7416f.jpeg', 4),
	(304, 29, 'gallery-image-5379be490ca65.jpeg', 5),
	(305, 29, 'gallery-image-5379be59535e1.jpeg', 6),
	(306, 28, 'gallery-image-5379bece6c672.jpeg', 5),
	(307, 28, 'gallery-image-5379bedb877f3.jpeg', 6),
	(308, 12, 'gallery-image-5383085bed908.jpeg', 2),
	(309, 12, 'gallery-image-5383086c2a797.jpeg', 3),
	(310, 12, 'gallery-image-538308867f795.jpeg', 6),
	(311, 12, 'gallery-image-5383089d299a0.jpeg', 7),
	(312, 12, 'gallery-image-538308b51186a.jpeg', 8),
	(313, 12, 'gallery-image-538308ed6510d.jpeg', 9),
	(314, 12, 'gallery-image-53830954bf371.jpeg', 10),
	(315, 12, 'gallery-image-5383096cc152e.jpeg', 11),
	(316, 12, 'gallery-image-5383097d90597.jpeg', 12),
	(317, 11, 'gallery-image-538309f1d612c.jpeg', 1),
	(318, 11, 'gallery-image-53830a2ba95b8.jpeg', 5),
	(319, 11, 'gallery-image-53830a3ccaf94.jpeg', 6),
	(320, 11, 'gallery-image-53830a4b1e34f.jpeg', 7),
	(321, 11, 'gallery-image-53830a6758fb3.jpeg', 8),
	(322, 11, 'gallery-image-53830a7a8c816.jpeg', 9),
	(323, 11, 'gallery-image-53830a93931a0.jpeg', 10),
	(324, 11, 'gallery-image-53830aa3b5935.jpeg', 11),
	(325, 11, 'gallery-image-53830ab4a505d.jpeg', 12),
	(326, 11, 'gallery-image-53830ace56356.jpeg', 13),
	(327, 11, 'gallery-image-53830adfd7ebd.jpeg', 14),
	(329, 11, 'gallery-image-53830b06dd941.jpeg', 15),
	(330, 11, 'gallery-image-53830b17f33e2.jpeg', 16),
	(331, 14, 'gallery-image-53830b96dc5bd.jpeg', 4),
	(332, 14, 'gallery-image-53830baa0fed8.jpeg', 5),
	(333, 14, 'gallery-image-53830bba4a91a.jpeg', 6),
	(334, 14, 'gallery-image-53830bcb3f03e.jpeg', 7),
	(335, 14, 'gallery-image-53830be27396b.jpeg', 8),
	(336, 14, 'gallery-image-53830bf9486e2.jpeg', 9),
	(337, 7, 'gallery-image-53830c499dab1.jpeg', 2),
	(338, 7, 'gallery-image-53830c5a3b8d2.jpeg', 3),
	(339, 7, 'gallery-image-53830c6761903.jpeg', 4),
	(340, 7, 'gallery-image-53830c78b0dfb.jpeg', 5),
	(341, 7, 'gallery-image-53830e933a3e5.jpeg', 6),
	(342, 42, 'gallery-image-53830ebbd5195.jpeg', 1),
	(343, 42, 'gallery-image-53830eca0fea0.jpeg', 2),
	(344, 42, 'gallery-image-53830ed904d69.jpeg', 3),
	(345, 29, 'gallery-image-538c69020c59c.jpeg', 7),
	(346, 29, 'gallery-image-538c69341de7c.jpeg', 8),
	(347, 29, 'gallery-image-538c6953ab8a6.jpeg', 9),
	(348, 29, 'gallery-image-538c696b013f1.jpeg', 10),
	(349, 29, 'gallery-image-538c697ab5821.jpeg', 11),
	(351, 28, 'gallery-image-538c69ae061da.jpeg', 7),
	(352, 28, 'gallery-image-538c69bc8a279.jpeg', 8),
	(353, 28, 'gallery-image-538c69ce4e77f.jpeg', 9),
	(354, 28, 'gallery-image-538c69dce2973.jpeg', 10),
	(355, 28, 'gallery-image-538c69eba3737.jpeg', 11),
	(356, 28, 'gallery-image-538c69fb11492.jpeg', 12),
	(357, 28, 'gallery-image-538c6a1998861.jpeg', 13),
	(358, 28, 'gallery-image-538c6a619579f.jpeg', 14),
	(359, 17, 'gallery-image-538c6e12aaac1.jpeg', 1),
	(360, 17, 'gallery-image-538c6e2532bb7.jpeg', 2),
	(361, 17, 'gallery-image-538c6e335f2b9.jpeg', 3),
	(362, 17, 'gallery-image-538c6e40f3fa7.jpeg', 4),
	(363, 17, 'gallery-image-538c6e4c95670.jpeg', 5),
	(364, 17, 'gallery-image-538c6e5ae1a87.jpeg', 6),
	(365, 17, 'gallery-image-538c72829df9f.jpeg', 7),
	(366, 17, 'gallery-image-538c7295c15ac.jpeg', 8),
	(368, 17, 'gallery-image-538c72b812ac8.jpeg', 9),
	(369, 17, 'gallery-image-538c72c56d0c9.jpeg', 10),
	(370, 17, 'gallery-image-538c72d749567.jpeg', 11),
	(371, 17, 'gallery-image-538c72e8528bf.jpeg', 12),
	(372, 41, 'gallery-image-538d6b1423fe0.jpeg', 1),
	(373, 41, 'gallery-image-538d6b226926f.jpeg', 2),
	(375, 41, 'gallery-image-538d6b3bab654.jpeg', 3),
	(376, 41, 'gallery-image-538d6b4ae749e.jpeg', 4),
	(377, 41, 'gallery-image-538d6b6016587.jpeg', 5),
	(378, 41, 'gallery-image-538d6b6ebfc75.jpeg', 6),
	(379, 18, 'gallery-image-538d6de4ec098.jpeg', 4),
	(380, 18, 'gallery-image-538d6df14a49a.jpeg', 5),
	(381, 18, 'gallery-image-538d6dfdba77d.jpeg', 6),
	(382, 18, 'gallery-image-538d6e0c3bca2.jpeg', 7),
	(383, 18, 'gallery-image-538d6e1ec1952.jpeg', 8),
	(385, 18, 'gallery-image-538d6e4605c74.jpeg', 9),
	(388, 18, 'gallery-image-538d6e852bc0e.jpeg', 10),
	(389, 18, 'gallery-image-538d6e9305da3.jpeg', 11),
	(390, 26, 'gallery-image-538d706747585.jpeg', 10),
	(391, 26, 'gallery-image-538d70892885f.jpeg', 13),
	(392, 26, 'gallery-image-538d7097c1ede.jpeg', 14),
	(393, 26, 'gallery-image-538d70a552610.jpeg', 15),
	(394, 55, 'gallery-image-538d73b190ed3.jpeg', 10),
	(395, 55, 'gallery-image-538d73be0cfc2.jpeg', 11),
	(396, 55, 'gallery-image-538d73c9b9a73.jpeg', 12),
	(397, 55, 'gallery-image-538d73d65ca84.jpeg', 13),
	(398, 55, 'gallery-image-538d73e64f9b8.jpeg', 14),
	(399, 55, 'gallery-image-538d73f4eb786.jpeg', 15),
	(400, 50, 'gallery-image-538d96d411092.jpeg', 1),
	(401, 50, 'gallery-image-538d96dfb911f.jpeg', 2),
	(402, 50, 'gallery-image-538d96ebe7171.jpeg', 3),
	(403, 50, 'gallery-image-538d96f9b3954.jpeg', 4),
	(404, 50, 'gallery-image-538d97072e8a3.jpeg', 5),
	(405, 50, 'gallery-image-538d9719bffe2.jpeg', 6),
	(406, 50, 'gallery-image-538d9726e2d6b.jpeg', 7),
	(407, 50, 'gallery-image-538d973568cac.jpeg', 8),
	(408, 50, 'gallery-image-538d975645a53.jpeg', 9),
	(409, 5, 'gallery-image-538d989530650.jpeg', 4),
	(410, 5, 'gallery-image-538d98a63367f.jpeg', 5),
	(411, 5, 'gallery-image-538d98b33c14c.jpeg', 6),
	(413, 5, 'gallery-image-538d98d17ea48.jpeg', 7),
	(414, 5, 'gallery-image-538d99008acd6.jpeg', 8),
	(415, 5, 'gallery-image-538d9918b0b5d.jpeg', 9),
	(419, 57, 'gallery-image-538d9a84704e3.jpeg', 7),
	(422, 8, 'gallery-image-539e99c95192f.jpeg', 3),
	(423, 8, 'gallery-image-539e99e0cde42.jpeg', 4),
	(425, 8, 'gallery-image-539e9a096d768.jpeg', 5),
	(426, 8, 'gallery-image-539e9a2289460.jpeg', 6),
	(427, 8, 'gallery-image-539e9a3fcfbf0.jpeg', 7),
	(430, 62, 'gallery-image-53a12fd66a353.jpeg', 1),
	(431, 62, 'gallery-image-53a12fe3684c2.jpeg', 2),
	(432, 62, 'gallery-image-53a12ff0f26ba.jpeg', 3),
	(433, 61, 'gallery-image-53c382a25af89.jpeg', 1),
	(435, 59, 'gallery-image-53c4ccc785d50.jpeg', 5),
	(436, 59, 'gallery-image-53c4ccdae203d.jpeg', 6),
	(437, 59, 'gallery-image-53c4cce9bbce8.jpeg', 7),
	(438, 59, 'gallery-image-53c4cd3955747.jpeg', 8),
	(439, 60, 'gallery-image-53c4ceba750ed.jpeg', 1),
	(440, 60, 'gallery-image-53c4cec73b8c7.jpeg', 2),
	(441, 60, 'gallery-image-53c4ced3be04a.jpeg', 3),
	(442, 60, 'gallery-image-53c4cee061e13.jpeg', 4),
	(443, 63, 'gallery-image-53ccb5839bf56.jpeg', 2),
	(444, 63, 'gallery-image-53ccb59182a60.jpeg', 3),
	(446, 63, 'gallery-image-53ccb6a248dd9.jpeg', 4),
	(448, 61, 'gallery-image-53db41ee54094.jpeg', 2),
	(449, 65, 'gallery-image-54080aa65b950.jpeg', 1),
	(451, 65, 'gallery-image-54080b3419e37.jpeg', 2),
	(452, 65, 'gallery-image-54080b797d140.jpeg', 3),
	(453, 65, 'gallery-image-54080b842d04f.jpeg', 4),
	(454, 65, 'gallery-image-54080b8cc1a3e.jpeg', 5),
	(455, 65, 'gallery-image-54080b97389c6.jpeg', 6),
	(456, 65, 'gallery-image-54080b9f47684.jpeg', 7),
	(457, 48, 'gallery-image-540d675d64130.jpeg', 1),
	(458, 48, 'gallery-image-540d67717ba6b.jpeg', 2),
	(459, 48, 'gallery-image-540d6788a7b02.jpeg', 3),
	(460, 48, 'gallery-image-540d679a3675f.jpeg', 4),
	(461, 48, 'gallery-image-540d67a6a45da.jpeg', 5),
	(462, 48, 'gallery-image-540d67b4db2f0.jpeg', 6),
	(463, 48, 'gallery-image-540d67c263b94.jpeg', 7),
	(464, 19, 'gallery-image-540ea0f26433c.jpeg', 4),
	(465, 19, 'gallery-image-540ea1025c88e.jpeg', 1),
	(466, 19, 'gallery-image-540ea11128d41.jpeg', 2),
	(467, 19, 'gallery-image-540ea11f17970.jpeg', 3),
	(468, 19, 'gallery-image-540ea12c99e97.jpeg', 5),
	(469, 19, 'gallery-image-540ea13abacc1.jpeg', 7),
	(470, 19, 'gallery-image-540ea147dc3b1.jpeg', 6),
	(471, 19, 'gallery-image-540ea156936ec.jpeg', 8),
	(472, 4, 'gallery-image-541c2591dd731.jpeg', 7),
	(473, 4, 'gallery-image-541c25ac47b29.jpeg', 8),
	(474, 4, 'gallery-image-541c25b79e350.jpeg', 9),
	(475, 4, 'gallery-image-541c25da1450a.jpeg', 10),
	(476, 4, 'gallery-image-541c2678029cd.jpeg', 11),
	(478, 4, 'gallery-image-541c26e0bdc40.jpeg', 12),
	(479, 66, 'gallery-image-542e48440e029.jpeg', 1),
	(480, 66, 'gallery-image-542e484ec61bf.jpeg', 2),
	(481, 66, 'gallery-image-542e485b3c076.jpeg', 3),
	(482, 66, 'gallery-image-542e486b726e1.jpeg', 4),
	(483, 66, 'gallery-image-542e487741d66.jpeg', 5),
	(484, 66, 'gallery-image-542e48836e6c5.jpeg', 6),
	(485, 66, 'gallery-image-542e48939db7b.jpeg', 7),
	(486, 66, 'gallery-image-542e48bedd6a0.jpeg', 8),
	(487, 66, 'gallery-image-542e48cef0b84.jpeg', 9),
	(488, 66, 'gallery-image-542e48e56f0c6.jpeg', 10),
	(489, 11, 'gallery-image-543e49f86fad2.jpeg', 17),
	(490, 11, 'gallery-image-543e4a0168a83.jpeg', 18),
	(491, 11, 'gallery-image-543e4a169182f.jpeg', 19),
	(492, 11, 'gallery-image-543e4a2387b23.jpeg', 20),
	(493, 11, 'gallery-image-543e4a3577610.jpeg', 21),
	(494, 11, 'gallery-image-543e4a40edbf8.jpeg', 22),
	(495, 16, 'gallery-image-543f6597f008b.jpeg', 7),
	(496, 16, 'gallery-image-543f65a489d03.jpeg', 8),
	(497, 16, 'gallery-image-543f65b61d282.jpeg', 9),
	(498, 16, 'gallery-image-543f65d92879a.jpeg', 10),
	(499, 16, 'gallery-image-543f65e390e31.jpeg', 11),
	(500, 16, 'gallery-image-543f65ed5cf35.jpeg', 12),
	(501, 15, 'gallery-image-543f66f345b4e.jpeg', 9),
	(503, 15, 'gallery-image-543f6705410f2.jpeg', 10),
	(505, 63, 'gallery-image-543f67dd3f565.jpeg', 5),
	(506, 63, 'gallery-image-543f67e6c0fc9.jpeg', 1),
	(507, 63, 'gallery-image-543f67ee49c3d.jpeg', 6),
	(509, 43, 'gallery-image-543f691c5110f.jpeg', 9),
	(510, 43, 'gallery-image-543f6925b524b.jpeg', 10),
	(511, 43, 'gallery-image-543f6931553ec.jpeg', 11),
	(512, 43, 'gallery-image-543f69394ed42.jpeg', 12),
	(513, 58, 'gallery-image-543f6a48523e2.jpeg', 7),
	(514, 58, 'gallery-image-543f6a50a60c3.jpeg', 8),
	(515, 58, 'gallery-image-543f6a59a1572.jpeg', 9),
	(516, 28, 'gallery-image-543f8a3bd0fe2.jpeg', 15),
	(517, 28, 'gallery-image-543f8a44c041a.jpeg', 16),
	(518, 28, 'gallery-image-543f8a4eb31ee.jpeg', 17),
	(519, 28, 'gallery-image-543f8dc68c213.jpeg', 18),
	(520, 28, 'gallery-image-543f8dcee7107.jpeg', 19),
	(521, 28, 'gallery-image-543f8dd6b656f.jpeg', 20),
	(522, 28, 'gallery-image-543f8de1225ad.jpeg', 21),
	(523, 28, 'gallery-image-543f8df731997.jpeg', 22),
	(524, 18, 'gallery-image-543f8e815c973.jpeg', 12),
	(525, 32, 'gallery-image-543f902240bba.jpeg', 9),
	(526, 32, 'gallery-image-543f904c5f8a3.jpeg', 10),
	(527, 32, 'gallery-image-543f90547cb8d.jpeg', 11),
	(528, 32, 'gallery-image-543f905d6b9ed.jpeg', 12),
	(529, 32, 'gallery-image-543f90675f6fb.jpeg', 13),
	(530, 67, 'gallery-image-54d0ab9ca45f8.jpeg', 1),
	(531, 67, 'gallery-image-54d0aba80a458.jpeg', 2),
	(532, 67, 'gallery-image-54d0abb303b5a.jpeg', 3),
	(533, 67, 'gallery-image-54d0abbd633fa.jpeg', 4),
	(534, 67, 'gallery-image-54d0abc8881ff.jpeg', 5),
	(535, 67, 'gallery-image-54d0abdb59674.jpeg', 6),
	(536, 67, 'gallery-image-54d0abe837f5b.jpeg', 7),
	(537, 67, 'gallery-image-54d0abf55d418.jpeg', 8),
	(539, 67, 'gallery-image-54d0ac13568c4.jpeg', 9),
	(540, 67, 'gallery-image-54d0ac21eda6d.jpeg', 10),
	(541, 67, 'gallery-image-54d0ac407abf8.jpeg', 11),
	(551, 69, 'gallery-image-54f0337ddd0cb.jpeg', 1),
	(552, 69, 'gallery-image-54f033a9a9b9e.jpg', 2),
	(553, 69, 'gallery-image-54f033aa00344.jpg', 3),
	(554, 69, 'gallery-image-54f033aa58b96.jpg', 4),
	(555, 69, 'gallery-image-54f033aaa3366.jpg', 5),
	(556, 69, 'gallery-image-54f033aaed3c2.jpg', 6),
	(557, 69, 'gallery-image-54f033ab48023.jpg', 7),
	(559, 69, 'gallery-image-54f033eee8813.jpeg', 8),
	(560, 69, 'gallery-image-54f03403813e1.jpeg', 9),
	(561, 37, 'gallery-image-54f6bfb9496bd.jpeg', 1),
	(562, 37, 'gallery-image-54f6bfc6d175b.jpeg', 2),
	(563, 37, 'gallery-image-54f6bfd41c961.jpeg', 3),
	(564, 37, 'gallery-image-54f6bfdfb2d57.jpeg', 4),
	(565, 37, 'gallery-image-54f6bfed05921.jpeg', 5),
	(566, 37, 'gallery-image-54f6bffcaa498.jpeg', 6),
	(568, 15, 'gallery-image-5515633939485.jpeg', 11),
	(569, 15, 'gallery-image-55156383cb282.jpeg', 12),
	(570, 15, 'gallery-image-551563f2aea0f.jpeg', 13),
	(571, 63, 'gallery-image-551564473a532.jpeg', 7),
	(572, 63, 'gallery-image-5515645fcf5f0.jpeg', 8),
	(573, 63, 'gallery-image-551564bfa35b4.jpeg', 9),
	(574, 63, 'gallery-image-551564e1badcc.jpeg', 10),
	(575, 63, 'gallery-image-551564ed11a4b.jpeg', 11),
	(581, 44, 'gallery-image-551565b929fac.jpeg', 4),
	(582, 65, 'gallery-image-551565fb18cf1.jpeg', 8),
	(583, 65, 'gallery-image-5515660699c87.jpeg', 9),
	(584, 65, 'gallery-image-5515661301616.jpeg', 10),
	(585, 65, 'gallery-image-55156625c75ad.jpeg', 11),
	(586, 65, 'gallery-image-55156631e5220.jpeg', 12),
	(587, 65, 'gallery-image-5515663c69f3b.jpeg', 13),
	(588, 65, 'gallery-image-551566459da9a.jpeg', 14),
	(589, 65, 'gallery-image-5515664e297ff.jpeg', 15),
	(590, 55, 'gallery-image-5515667bbc11a.jpeg', 16),
	(591, 55, 'gallery-image-55156686161b2.jpeg', 17),
	(592, 55, 'gallery-image-5515668edcabf.jpeg', 18),
	(593, 55, 'gallery-image-551566a390da2.jpeg', 19),
	(594, 55, 'gallery-image-551566ac607c1.jpeg', 20),
	(595, 55, 'gallery-image-551566b7ae1b4.jpeg', 21),
	(596, 69, 'gallery-image-5535e882e0434.jpeg', 10),
	(597, 70, 'gallery-image-55b778f37fef3.jpeg', 1),
	(598, 70, 'gallery-image-55b7796c36bd0.jpeg', 2),
	(599, 70, 'gallery-image-55b7797896c49.jpeg', 3),
	(600, 70, 'gallery-image-55b779828eca6.jpeg', 4),
	(601, 70, 'gallery-image-55b7798a6f707.jpeg', 5),
	(602, 70, 'gallery-image-55b779924aa7e.jpeg', 6),
	(603, 70, 'gallery-image-55b7799ae3d60.jpeg', 7),
	(604, 70, 'gallery-image-55b779b1d858e.jpeg', 8),
	(605, 71, 'gallery-image-55c49e5a66170.jpeg', 1),
	(606, 71, 'gallery-image-55c49e6ec92b3.jpeg', 2),
	(607, 71, 'gallery-image-55c49e81c9d6a.jpeg', 3),
	(608, 71, 'gallery-image-55c49e9f9da7a.jpeg', 4),
	(609, 71, 'gallery-image-55c49eade4375.jpeg', 5),
	(610, 71, 'gallery-image-55c49ec05df1f.jpeg', 6),
	(611, 71, 'gallery-image-55c49eccdb92b.jpeg', 7),
	(612, 71, 'gallery-image-55c49ed96511f.jpeg', 8),
	(613, 37, 'gallery-image-55c49f4ca98e1.jpeg', 7),
	(614, 37, 'gallery-image-55c49f596ee1d.jpeg', 8),
	(615, 37, 'gallery-image-55c49f6663e35.jpeg', 9),
	(616, 37, 'gallery-image-55c49f85b5aac.jpeg', 10),
	(617, 47, 'gallery-image-56175ff9e5f56.jpeg', 1),
	(618, 47, 'gallery-image-56176007949c4.jpeg', 2),
	(619, 47, 'gallery-image-5617601728089.jpeg', 3),
	(620, 47, 'gallery-image-56176025d8466.jpeg', 4),
	(621, 47, 'gallery-image-561760342638b.jpeg', 5),
	(622, 47, 'gallery-image-56176043294da.jpeg', 6),
	(623, 47, 'gallery-image-561760527f383.jpeg', 7),
	(624, 47, 'gallery-image-561760607c71d.jpeg', 8),
	(625, 47, 'gallery-image-561760e20fe75.jpeg', 9),
	(640, 74, 'gallery-image-5630a5500bd7c.jpeg', 1),
	(641, 76, 'gallery-image-563b03b6abe5a.jpeg', 1),
	(642, 76, 'gallery-image-563b03c4c32c0.jpeg', 2),
	(643, 79, 'gallery-image-5661734f9a1a0.jpeg', 1),
	(644, 79, 'gallery-image-5661735d20786.jpeg', 2),
	(645, 79, 'gallery-image-5661747c502b0.jpeg', 3),
	(646, 79, 'gallery-image-5661749114fa0.jpeg', 4),
	(647, 79, 'gallery-image-566174a5e71de.jpeg', 5),
	(648, 78, 'gallery-image-5661750659b79.jpeg', 1),
	(649, 78, 'gallery-image-5661751281d23.jpeg', 2),
	(650, 78, 'gallery-image-5661751f1b813.jpeg', 3),
	(651, 78, 'gallery-image-5661752b6d89e.jpeg', 4),
	(652, 78, 'gallery-image-5661753d87137.jpeg', 5),
	(653, 78, 'gallery-image-5661754be2d2f.jpeg', 6),
	(654, 73, 'gallery-image-56695acc8acdb.jpeg', 1),
	(655, 73, 'gallery-image-56695ae4d2fc9.jpeg', 2),
	(656, 73, 'gallery-image-56695af4a5097.jpeg', 3),
	(657, 73, 'gallery-image-56695b03c610d.jpeg', 4),
	(658, 73, 'gallery-image-56695b131f180.jpeg', 5),
	(659, 73, 'gallery-image-56695b214477e.jpeg', 6),
	(660, 73, 'gallery-image-56695b35cba9c.jpeg', 7),
	(661, 72, 'gallery-image-5669620bdb93b.jpeg', 1),
	(662, 72, 'gallery-image-56696240d95e7.jpeg', 2),
	(663, 72, 'gallery-image-5669625216262.jpeg', 3),
	(664, 72, 'gallery-image-56696261e41e1.jpeg', 4),
	(665, 72, 'gallery-image-5669626fc48d8.jpeg', 5),
	(666, 72, 'gallery-image-566962e73e708.jpeg', 6),
	(667, 72, 'gallery-image-566962f528b4c.jpeg', 7),
	(668, 72, 'gallery-image-5669630351119.jpeg', 8),
	(669, 72, 'gallery-image-5669630d18ac6.jpeg', 9),
	(671, 72, 'gallery-image-5669632198eb9.jpeg', 10),
	(672, 72, 'gallery-image-5669632c28df1.jpeg', 11),
	(673, 72, 'gallery-image-56696339c2fd4.jpeg', 12),
	(674, 72, 'gallery-image-5669634299824.jpeg', 13),
	(675, 72, 'gallery-image-5669634d9c9c1.jpeg', 14),
	(676, 74, 'gallery-image-569c941829d10.jpeg', 2),
	(677, 74, 'gallery-image-569c942851606.jpeg', 3),
	(678, 74, 'gallery-image-569c9436e5d66.jpeg', 4),
	(679, 74, 'gallery-image-569c944c5238b.jpeg', 5),
	(680, 74, 'gallery-image-569c945dda11b.jpeg', 6),
	(682, 74, 'gallery-image-569c9489c35c3.jpeg', 7),
	(683, 74, 'gallery-image-569c9497b1515.jpeg', 8),
	(684, 74, 'gallery-image-569c94aa365cf.jpeg', 9),
	(685, 74, 'gallery-image-569c94b77e5d0.jpeg', 10),
	(686, 74, 'gallery-image-569c94c4eea6f.jpeg', 11),
	(687, 74, 'gallery-image-569c94d398894.jpeg', 12),
	(688, 74, 'gallery-image-569c94e4eb949.jpeg', 13),
	(689, 80, 'gallery-image-5721e46ca21f0.jpeg', 1),
	(690, 80, 'gallery-image-5721e47f6aec1.jpeg', 2),
	(691, 80, 'gallery-image-5721e49097615.jpeg', 3);
/*!40000 ALTER TABLE `gallery_photo` ENABLE KEYS */;

-- Zrzut struktury tabela hoho.menu_item
CREATE TABLE IF NOT EXISTS `menu_item` (
  `id` int(11) NOT NULL AUTO_INCREMENT,
  `parent_id` int(11) DEFAULT NULL,
  `location` varchar(255) COLLATE utf8_unicode_ci DEFAULT NULL,
  `type` varchar(255) COLLATE utf8_unicode_ci DEFAULT NULL,
  `title` varchar(255) COLLATE utf8_unicode_ci DEFAULT NULL,
  `route` varchar(255) COLLATE utf8_unicode_ci DEFAULT NULL,
  `routeParameters` varchar(255) COLLATE utf8_unicode_ci DEFAULT NULL,
  `url` varchar(255) COLLATE utf8_unicode_ci DEFAULT NULL,
  `onclick` varchar(255) COLLATE utf8_unicode_ci DEFAULT NULL,
  `arrangement` int(11) NOT NULL,
  PRIMARY KEY (`id`),
  KEY `IDX_D754D550727ACA70` (`parent_id`),
  CONSTRAINT `FK_D754D550727ACA70` FOREIGN KEY (`parent_id`) REFERENCES `menu_item` (`id`)
) ENGINE=InnoDB AUTO_INCREMENT=25 DEFAULT CHARSET=utf8 COLLATE=utf8_unicode_ci;

-- Zrzucanie danych dla tabeli hoho.menu_item: ~14 rows (około)
/*!40000 ALTER TABLE `menu_item` DISABLE KEYS */;
INSERT INTO `menu_item` (`id`, `parent_id`, `location`, `type`, `title`, `route`, `routeParameters`, `url`, `onclick`, `arrangement`) VALUES
	(2, NULL, 'menu_top', 'route', 'Nowości', 'lscms_product_new', '{"slug":"o-nas"}', NULL, NULL, 1),
	(3, NULL, 'menu_top', 'route', 'Promocje', 'lscms_product_promotion', '{"slug":"o-nas"}', NULL, NULL, 2),
	(4, NULL, 'menu_top', 'route', 'Współpraca', 'lscms_pages_show', '{"slug":"wspolpraca"}', NULL, NULL, 3),
	(6, NULL, 'menu_top', 'route', 'Kontakt', 'lscms_contact', NULL, NULL, NULL, 5),
	(8, NULL, 'menu_bottom', 'route', 'Nowości', 'lscms_product_new', '{"slug":"o-nas"}', NULL, NULL, 2),
	(9, NULL, 'menu_bottom', 'route', 'Promocje', 'lscms_product_promotion', '{"slug":"oferta"}', NULL, NULL, 3),
	(10, NULL, 'menu_bottom', 'route', 'Współpraca', 'lscms_pages_show', '{"slug":"wspolpraca"}', NULL, NULL, 4),
	(11, NULL, 'menu_bottom', 'route', 'Kontakt', 'lscms_contact', '{"slug":"pokoje"}', NULL, NULL, 5),
	(12, NULL, 'menu_bottom', 'route', 'Sklepy', 'lscms_shop', NULL, NULL, NULL, 6),
	(13, NULL, 'menu_bottom', 'route', 'Strona główna', 'lscms_homepage', NULL, NULL, NULL, 1),
	(14, NULL, 'menu_top', 'route', 'Sklepy', 'lscms_shop', NULL, NULL, NULL, 4),
	(15, NULL, 'menu_top_middle', 'route', 'Artykuły szkolne', 'lscms_productCategory_show', '{"slug":"artykuly-szkolne"}', NULL, NULL, 1),
	(16, NULL, 'menu_top_middle', 'route', 'Zabawki', 'lscms_productCategory_show', '{"slug":"zabawki"}', NULL, NULL, 2),
	(19, NULL, 'menu_top_middle', 'route', 'Wielkanoc', 'lscms_productCategory_show', '{"slug":"wielkanoc"}', NULL, NULL, 3);
/*!40000 ALTER TABLE `menu_item` ENABLE KEYS */;

-- Zrzut struktury tabela hoho.news
CREATE TABLE IF NOT EXISTS `news` (
  `id` int(11) NOT NULL AUTO_INCREMENT,
  `gallery_id` int(11) DEFAULT NULL,
  `title` varchar(255) COLLATE utf8_unicode_ci NOT NULL,
  `slug` varchar(255) COLLATE utf8_unicode_ci NOT NULL,
  `content_short_generate` tinyint(1) DEFAULT NULL,
  `content_short` varchar(255) COLLATE utf8_unicode_ci DEFAULT NULL,
  `content` longtext COLLATE utf8_unicode_ci,
  `photo` varchar(255) COLLATE utf8_unicode_ci DEFAULT NULL,
  `seo_generate` tinyint(1) DEFAULT NULL,
  `seo_title` varchar(255) COLLATE utf8_unicode_ci DEFAULT NULL,
  `seo_keywords` varchar(255) COLLATE utf8_unicode_ci DEFAULT NULL,
  `seo_description` varchar(255) COLLATE utf8_unicode_ci DEFAULT NULL,
  `created_at` datetime NOT NULL,
  `updated_at` datetime DEFAULT NULL,
  `published_at` datetime DEFAULT NULL,
  `content_under` longtext COLLATE utf8_unicode_ci,
  PRIMARY KEY (`id`),
  KEY `IDX_1DD399504E7AF8F` (`gallery_id`),
  CONSTRAINT `FK_1DD399504E7AF8F` FOREIGN KEY (`gallery_id`) REFERENCES `gallery` (`id`) ON DELETE SET NULL
) ENGINE=InnoDB AUTO_INCREMENT=2 DEFAULT CHARSET=utf8 COLLATE=utf8_unicode_ci;

-- Zrzucanie danych dla tabeli hoho.news: ~0 rows (około)
/*!40000 ALTER TABLE `news` DISABLE KEYS */;
INSERT INTO `news` (`id`, `gallery_id`, `title`, `slug`, `content_short_generate`, `content_short`, `content`, `photo`, `seo_generate`, `seo_title`, `seo_keywords`, `seo_description`, `created_at`, `updated_at`, `published_at`, `content_under`) VALUES
	(1, NULL, 'asdasd', 'asdasd', 0, 'asda', '<p>\r\n	asda</p>', NULL, 0, 'asdasd', 'asdasd, asda', 'asda', '2013-12-11 18:05:10', NULL, '2013-12-11 00:00:00', NULL);
/*!40000 ALTER TABLE `news` ENABLE KEYS */;

-- Zrzut struktury tabela hoho.pages
CREATE TABLE IF NOT EXISTS `pages` (
  `id` int(11) NOT NULL AUTO_INCREMENT,
  `gallery_id` int(11) DEFAULT NULL,
  `title` varchar(255) COLLATE utf8_unicode_ci NOT NULL,
  `slug` varchar(255) COLLATE utf8_unicode_ci NOT NULL,
  `content_short_generate` tinyint(1) DEFAULT NULL,
  `content_short` varchar(255) COLLATE utf8_unicode_ci DEFAULT NULL,
  `content` longtext COLLATE utf8_unicode_ci,
  `photo` varchar(255) COLLATE utf8_unicode_ci DEFAULT NULL,
  `seo_generate` tinyint(1) DEFAULT NULL,
  `seo_title` varchar(255) COLLATE utf8_unicode_ci DEFAULT NULL,
  `seo_keywords` varchar(255) COLLATE utf8_unicode_ci DEFAULT NULL,
  `seo_description` varchar(255) COLLATE utf8_unicode_ci DEFAULT NULL,
  `created_at` datetime NOT NULL,
  `updated_at` datetime DEFAULT NULL,
  `content_under` longtext COLLATE utf8_unicode_ci,
  PRIMARY KEY (`id`),
  KEY `IDX_2074E5754E7AF8F` (`gallery_id`),
  CONSTRAINT `FK_2074E5754E7AF8F` FOREIGN KEY (`gallery_id`) REFERENCES `gallery` (`id`) ON DELETE SET NULL
) ENGINE=InnoDB AUTO_INCREMENT=6 DEFAULT CHARSET=utf8 COLLATE=utf8_unicode_ci;

-- Zrzucanie danych dla tabeli hoho.pages: ~3 rows (około)
/*!40000 ALTER TABLE `pages` DISABLE KEYS */;
INSERT INTO `pages` (`id`, `gallery_id`, `title`, `slug`, `content_short_generate`, `content_short`, `content`, `photo`, `seo_generate`, `seo_title`, `seo_keywords`, `seo_description`, `created_at`, `updated_at`, `content_under`) VALUES
	(1, NULL, 'O firmie', 'o-firmie', 0, 'Można nasze produkty (drobne agd, upominki, zabawki, szkło użytkowe i dekoracyjne, narzedzia, tekstylia, biżuterię, art.szkolne, artykuły wyposażenia wnętrza, artykuły wyposażenia kuchni, i wiele innych) znaleźć w 60 sklepach zlokalizowanych w województwa', '<p class="wstep">\r\n	Przez ponad 10 lat doświadczenia poznaliśmy Państwa potrzeby i oczekiwania.</p>\r\n<div>\r\n	&nbsp;</div>\r\n<div>\r\n	Nasze produkty (drobne agd, upominki, zabawki, szkło użytkowe i dekoracyjne, narzedzia, tekstylia, biżuterię, art.szkolne, artykuły wyposażenia wnętrza, artykuły wyposażenia kuchni, i wiele innych) można znaleźć w 60 sklepach zlokalizowanych w wojew&oacute;dztwach: lubelskim, mazowieckim, podlaskim i świętokrzyskim.</div>\r\n<div>\r\n	&nbsp;</div>\r\n<div>\r\n	Firma cały czas się rozwija i w najbliższym czasie planujemy otwarcie nowych punkt&oacute;w handlowych na terenia Polski wschodniej. Jeżeli prowadzisz firmę handlową z produktami&nbsp; z naszej branży zapraszamy do wsp&oacute;łpracy.</div>\r\n<div>\r\n	&nbsp;</div>\r\n<p class="warning">\r\n	Celem naszej Firmy jest spełnianie oczekiwań i potrzeb naszych klient&oacute;w w połączeniu&nbsp;</p>\r\n<p class="warning">\r\n	z naszym doświadczeniem.</p>', 'pages-image-528b901baded1.jpeg', 0, 'O firmie', 'firmie, Firma, Handlowa, "ASTEK", 2003r, specjalizuje, się, handlu, detalicznym, hurtowym', 'Firma Handlowa "ASTEK" od 2003r specjalizuje się w handlu detalicznym i hurtowym artykułami przemysłowymi w branży sklep', '2013-11-13 16:56:16', NULL, NULL),
	(4, NULL, 'Współpraca', 'wspolpraca', 0, 'Firma poszukuję na terenie polski wschodniej lokali o metrażu od 60 do 200m2 w rozsądnej cenie.\r\nPosiadasz taki lokal? Zadzwoń: 81 857 43 08  lub +48 502 438 740', '<p class="wstep" style="text-align: center;">\r\n	Firma poszukuję na terenie polski wschodniej lokali o metrażu od 60 do 200 m2 w rozsądnej cenie.</p>\r\n<p style="text-align: center;">\r\n	&nbsp;</p>\r\n<p class="warning" style="text-align: center;">\r\n	Posiadasz taki lokal? Zadzwoń: +81 857 43 08</p>\r\n<p style="text-align: center;">\r\n	&nbsp;</p>\r\n<p style="text-align: center;">\r\n	Proponujemy naszym klientom otwarcie sklep&oacute;w partnerskich na atrakcyjnych warunkach.</p>\r\n<p style="text-align: center;">\r\n	&nbsp;</p>\r\n<p class="wstep" style="text-align: center;">\r\n	Szczeg&oacute;łowe informacje pod nr tel. +48 502 438 740</p>', NULL, 0, 'Współpraca', 'Współpraca, Firma, poszukuję, terenie, polski, wschodniej, lokali, metrażu, rozs', 'Firma poszukuję na terenie polski wschodniej lokali o metrażu od 60 do 200 m2 w rozs', '2013-12-18 10:39:08', NULL, NULL),
	(5, 61, 'Gazetka', 'gazetka', 0, 'Zapraszamy do obejrzenia gazetki promocyjnej i skorzystania z naszej atrakcyjnej oferty:', '<p class="wstep">\r\n	Zapraszamy do obejrzenia gazetki promocyjnej i skorzystania z naszej atrakcyjnej oferty:</p>', NULL, 0, 'Gazetka', 'Gazetka, Zapraszamy, obejrzenia, gazetki, promocyjnej, skorzystania, naszej, atrakcyjnej, oferty:', 'Zapraszamy do obejrzenia gazetki promocyjnej i skorzystania z naszej atrakcyjnej oferty:', '2014-06-13 18:25:47', NULL, NULL);
/*!40000 ALTER TABLE `pages` ENABLE KEYS */;

-- Zrzut struktury tabela hoho.product
CREATE TABLE IF NOT EXISTS `product` (
  `id` int(11) NOT NULL AUTO_INCREMENT,
  `category_id` int(11) DEFAULT NULL,
  `name` varchar(255) COLLATE utf8_unicode_ci NOT NULL,
  `slug` varchar(255) COLLATE utf8_unicode_ci NOT NULL,
  `price` decimal(10,2) DEFAULT NULL,
  `promotionPrice` decimal(10,2) DEFAULT NULL,
  `isNew` tinyint(1) DEFAULT NULL,
  `photo` varchar(255) COLLATE utf8_unicode_ci DEFAULT NULL,
  `createdAt` datetime NOT NULL,
  `updatedAt` datetime DEFAULT NULL,
  `quantity` int(11) DEFAULT NULL,
  `seoGenerate` tinyint(1) DEFAULT NULL,
  `seoTitle` varchar(255) COLLATE utf8_unicode_ci DEFAULT NULL,
  `seoKeywords` varchar(255) COLLATE utf8_unicode_ci DEFAULT NULL,
  `seoDescription` varchar(255) COLLATE utf8_unicode_ci DEFAULT NULL,
  `content` longtext COLLATE utf8_unicode_ci,
  `contentShortGenerate` tinyint(1) DEFAULT NULL,
  `contentShort` varchar(255) COLLATE utf8_unicode_ci DEFAULT NULL,
  `newUntilDate` datetime DEFAULT NULL,
  PRIMARY KEY (`id`),
  KEY `IDX_D34A04AD12469DE2` (`category_id`),
  CONSTRAINT `FK_D34A04AD12469DE2` FOREIGN KEY (`category_id`) REFERENCES `product_category` (`id`) ON DELETE SET NULL
) ENGINE=InnoDB AUTO_INCREMENT=1716 DEFAULT CHARSET=utf8 COLLATE=utf8_unicode_ci;

-- Zrzucanie danych dla tabeli hoho.product: ~31 rows (około)
/*!40000 ALTER TABLE `product` DISABLE KEYS */;
INSERT INTO `product` (`id`, `category_id`, `name`, `slug`, `price`, `promotionPrice`, `isNew`, `photo`, `createdAt`, `updatedAt`, `quantity`, `seoGenerate`, `seoTitle`, `seoKeywords`, `seoDescription`, `content`, `contentShortGenerate`, `contentShort`, `newUntilDate`) VALUES
	(1684, 31, 'Produkt1', 'produkt1', NULL, NULL, 0, 'product-image-58d1874f62524.jpeg', '2017-03-21 20:19:26', NULL, NULL, 0, 'Produkt1', 'Produkt1', NULL, NULL, 0, NULL, NULL),
	(1685, 31, 'Produkt2', 'produkt2', NULL, NULL, 0, 'product-image-58d1875fbc97e.jpeg', '2017-03-21 20:20:12', NULL, NULL, 0, 'Produkt2', 'Produkt2', NULL, NULL, 0, NULL, NULL),
	(1686, 31, 'Produkt3', 'produkt3', NULL, NULL, 0, 'product-image-58d1877185eda.jpeg', '2017-03-21 20:20:39', NULL, NULL, 0, 'Produkt3', 'Produkt3', NULL, NULL, 0, NULL, NULL),
	(1687, 31, 'Produkt4', 'produkt4', NULL, NULL, 1, 'product-image-58d18780d3e9c.jpeg', '2017-03-21 20:20:56', NULL, NULL, 0, 'Produkt4', 'Produkt4', NULL, NULL, 0, NULL, '2020-01-18 00:00:00'),
	(1688, 31, 'Produkt5', 'produkt5', NULL, NULL, 0, 'product-image-58d1878d9a0b0.jpeg', '2017-03-21 20:21:12', NULL, NULL, 0, 'Produkt5', 'Produkt5', NULL, NULL, 0, NULL, NULL),
	(1690, 31, 'Produkt6', 'produkt6', NULL, NULL, 0, 'product-image-58d19054e5623.jpeg', '2017-03-21 21:42:59', NULL, NULL, 0, 'Produkt6', 'Produkt6', '', NULL, 0, '', NULL),
	(1691, 31, 'Produkt7', 'produkt7', NULL, NULL, 0, 'product-image-58d19071dd1ef.jpeg', '2017-03-21 21:43:29', NULL, NULL, 0, 'Produkt7', 'Produkt7', '', NULL, 0, '', NULL),
	(1692, 31, 'Produkt8', 'produkt8', NULL, NULL, 0, 'product-image-58d19083511b6.jpeg', '2017-03-21 21:43:46', NULL, NULL, 0, 'Produkt8', 'Produkt8', '', NULL, 0, '', NULL),
	(1693, 31, 'Produkt9', 'produkt9', NULL, NULL, 0, 'product-image-58d1909061900.jpeg', '2017-03-21 21:44:00', NULL, NULL, 0, 'Produkt9', 'Produkt9', '', NULL, 0, '', NULL),
	(1694, 31, 'Produkt10', 'produkt10', NULL, NULL, 0, 'product-image-58d1909d568d1.jpeg', '2017-03-21 21:44:12', NULL, NULL, 0, 'Produkt10', 'Produkt10', '', NULL, 0, '', NULL),
	(1695, 31, 'Produkt11', 'produkt11', NULL, NULL, 0, 'product-image-58d190a96b32b.jpeg', '2017-03-21 21:44:25', NULL, NULL, 0, 'Produkt11', 'Produkt11', '', NULL, 0, '', NULL),
	(1696, 31, 'Produkt12', 'produkt12', NULL, NULL, 0, 'product-image-58d28a2337eed.jpeg', '2017-03-22 15:28:50', NULL, NULL, 0, 'Produkt12', 'Produkt12', '', NULL, 0, '', NULL),
	(1697, 31, 'Produkt13', 'produkt13', NULL, NULL, 0, 'product-image-58d28a34f0752.jpeg', '2017-03-22 15:29:08', NULL, NULL, 0, 'Produkt13', 'Produkt13', '', NULL, 0, '', NULL),
	(1698, 31, 'Produkt14', 'produkt14', NULL, NULL, 0, 'product-image-58d28a40dc688.jpeg', '2017-03-22 15:29:20', NULL, NULL, 0, 'Produkt14', 'Produkt14', '', NULL, 0, '', NULL),
	(1699, 31, 'Produkt15', 'produkt15', NULL, NULL, 0, 'product-image-58d28a562f671.jpeg', '2017-03-22 15:29:41', NULL, NULL, 0, 'Produkt15', 'Produkt15', '', NULL, 0, '', NULL),
	(1700, 31, 'Produkt16', 'produkt16', NULL, NULL, 0, 'product-image-58d28a67b6e3e.jpeg', '2017-03-22 15:29:59', NULL, NULL, 0, 'Produkt16', 'Produkt16', '', NULL, 0, '', NULL),
	(1701, 31, 'Produkt17', 'produkt17', NULL, NULL, 0, 'product-image-58d28a755bb87.jpeg', '2017-03-22 15:30:13', NULL, NULL, 0, 'Produkt17', 'Produkt17', '', NULL, 0, '', NULL),
	(1702, 31, 'Produkt18', 'produkt18', NULL, NULL, 0, 'product-image-58d28a83459da.jpeg', '2017-03-22 15:30:27', NULL, NULL, 0, 'Produkt18', 'Produkt18', '', NULL, 0, '', NULL),
	(1703, 31, 'Produkt19', 'produkt19', NULL, NULL, 0, 'product-image-58d28a8e99512.jpeg', '2017-03-22 15:30:38', NULL, NULL, 0, 'Produkt19', 'Produkt19', '', NULL, 0, '', NULL),
	(1704, 31, 'Produkt20', 'produkt20', NULL, NULL, 0, 'product-image-58d28a9a1f546.jpeg', '2017-03-22 15:30:49', NULL, NULL, 0, 'Produkt20', 'Produkt20', '', NULL, 0, '', NULL),
	(1705, 31, 'Produkt21', 'produkt21', NULL, NULL, 0, 'product-image-58d28aa7ba240.jpeg', '2017-03-22 15:31:03', NULL, NULL, 0, 'Produkt21', 'Produkt21', '', NULL, 0, '', NULL),
	(1706, 31, 'Produkt22', 'produkt22', NULL, NULL, 0, 'product-image-58d28ab3ceb3e.jpeg', '2017-03-22 15:31:15', NULL, NULL, 0, 'Produkt22', 'Produkt22', '', NULL, 0, '', NULL),
	(1707, 33, 'Produkt1', 'produkt1-1', NULL, NULL, 0, 'product-image-58d29bf86ae1a.jpeg', '2017-03-22 16:44:56', NULL, NULL, 0, 'Produkt1', 'Produkt1', '', NULL, 0, '', NULL),
	(1708, 33, 'Produkt2', 'produkt2-1', NULL, NULL, 0, 'product-image-58d29c0801078.jpeg', '2017-03-22 16:45:11', NULL, NULL, 0, 'Produkt2', 'Produkt2', '', NULL, 0, '', NULL),
	(1709, 33, 'Produkt3', 'produkt3-1', NULL, NULL, 1, 'product-image-58d29c13cb14b.jpeg', '2017-03-22 16:45:23', NULL, NULL, 0, 'Produkt3', 'Produkt3', NULL, NULL, 0, NULL, NULL),
	(1710, 33, 'Produkt4', 'produkt4-1', NULL, NULL, 1, 'product-image-58d29c1e1ec46.jpeg', '2017-03-22 16:45:33', NULL, NULL, 0, 'Produkt4', 'Produkt4', NULL, NULL, 0, NULL, NULL),
	(1711, 33, 'Produkt5', 'produkt5-1', 50.00, 40.00, 0, 'product-image-58d29c2a53b6d.jpeg', '2017-03-22 16:45:46', NULL, NULL, 0, 'Produkt5', 'Produkt5', NULL, NULL, 0, NULL, NULL),
	(1712, 33, 'Produkt6', 'produkt6-1', 100.00, 80.00, 0, 'product-image-58d29c35dd8f7.jpeg', '2017-03-22 16:45:57', NULL, NULL, 0, 'Produkt6', 'Produkt6', NULL, NULL, 0, NULL, NULL),
	(1713, 33, 'Produkt7', 'produkt7-1', NULL, NULL, 0, 'product-image-58d2a877ccf35.jpeg', '2017-03-22 17:38:15', NULL, NULL, 0, 'Produkt7', 'Produkt7', '', NULL, 0, '', NULL),
	(1714, 33, 'Produkt8', 'produkt8-1', NULL, NULL, 0, 'product-image-58d2a8872014c.jpeg', '2017-03-22 17:38:30', NULL, NULL, 0, 'Produkt8', 'Produkt8', '', NULL, 0, '', NULL),
	(1715, 33, 'Produkt9', 'produkt9-1', NULL, NULL, 0, 'product-image-58d2a894b11e5.jpeg', '2017-03-22 17:38:44', NULL, NULL, 0, 'Produkt9', 'Produkt9', NULL, NULL, 0, NULL, NULL);
/*!40000 ALTER TABLE `product` ENABLE KEYS */;

-- Zrzut struktury tabela hoho.product_attributes
CREATE TABLE IF NOT EXISTS `product_attributes` (
  `attribute_id` int(11) NOT NULL,
  `product_id` int(11) NOT NULL,
  PRIMARY KEY (`attribute_id`,`product_id`),
  KEY `IDX_A2FCC15BB6E62EFA` (`attribute_id`),
  KEY `IDX_A2FCC15B4584665A` (`product_id`),
  CONSTRAINT `FK_A2FCC15B4584665A` FOREIGN KEY (`product_id`) REFERENCES `product` (`id`) ON DELETE CASCADE,
  CONSTRAINT `FK_A2FCC15BB6E62EFA` FOREIGN KEY (`attribute_id`) REFERENCES `attribute` (`id`) ON DELETE CASCADE
) ENGINE=InnoDB DEFAULT CHARSET=utf8 COLLATE=utf8_unicode_ci;

-- Zrzucanie danych dla tabeli hoho.product_attributes: ~0 rows (około)
/*!40000 ALTER TABLE `product_attributes` DISABLE KEYS */;
/*!40000 ALTER TABLE `product_attributes` ENABLE KEYS */;

-- Zrzut struktury tabela hoho.product_category
CREATE TABLE IF NOT EXISTS `product_category` (
  `id` int(11) NOT NULL AUTO_INCREMENT,
  `name` varchar(255) COLLATE utf8_unicode_ci NOT NULL,
  `slug` varchar(255) COLLATE utf8_unicode_ci NOT NULL,
  `createdAt` datetime NOT NULL,
  `updatedAt` datetime DEFAULT NULL,
  `seoGenerate` tinyint(1) DEFAULT NULL,
  `seoTitle` varchar(255) COLLATE utf8_unicode_ci DEFAULT NULL,
  `seoKeywords` varchar(255) COLLATE utf8_unicode_ci DEFAULT NULL,
  `seoDescription` varchar(255) COLLATE utf8_unicode_ci DEFAULT NULL,
  `description` varchar(255) COLLATE utf8_unicode_ci NOT NULL,
  `photo` varchar(255) COLLATE utf8_unicode_ci DEFAULT NULL,
  PRIMARY KEY (`id`)
) ENGINE=InnoDB AUTO_INCREMENT=34 DEFAULT CHARSET=utf8 COLLATE=utf8_unicode_ci;

-- Zrzucanie danych dla tabeli hoho.product_category: ~3 rows (około)
/*!40000 ALTER TABLE `product_category` DISABLE KEYS */;
INSERT INTO `product_category` (`id`, `name`, `slug`, `createdAt`, `updatedAt`, `seoGenerate`, `seoTitle`, `seoKeywords`, `seoDescription`, `description`, `photo`) VALUES
	(31, 'Artykuły Szkolne', 'artykuly-szkolne', '2017-03-21 20:17:12', NULL, 1, NULL, NULL, NULL, '', NULL),
	(32, 'Zabawki', 'zabawki', '2017-03-21 20:17:22', NULL, 1, NULL, NULL, NULL, '', NULL),
	(33, 'Wielkanoc', 'wielkanoc', '2017-03-22 15:58:40', NULL, 1, 'to change', 'to change', 'to change', 'Ozdoby Świąteczne', 'product-category-image-58d3ca8f905f8.jpeg');
/*!40000 ALTER TABLE `product_category` ENABLE KEYS */;

-- Zrzut struktury tabela hoho.settings
CREATE TABLE IF NOT EXISTS `settings` (
  `id` int(11) NOT NULL AUTO_INCREMENT,
  `label` varchar(255) COLLATE utf8_unicode_ci NOT NULL,
  `description` varchar(255) COLLATE utf8_unicode_ci DEFAULT NULL,
  `value` longtext COLLATE utf8_unicode_ci,
  PRIMARY KEY (`id`),
  UNIQUE KEY `UNIQ_E545A0C5EA750E8` (`label`)
) ENGINE=InnoDB AUTO_INCREMENT=37 DEFAULT CHARSET=utf8 COLLATE=utf8_unicode_ci;

-- Zrzucanie danych dla tabeli hoho.settings: ~13 rows (około)
/*!40000 ALTER TABLE `settings` DISABLE KEYS */;
INSERT INTO `settings` (`id`, `label`, `description`, `value`) VALUES
	(1, 'seo_title', 'Domyślna wartość meta tagu "title"', 'Sklepy Ho-Ho'),
	(2, 'seo_keywords', 'Domyślna wartość meta tagu "keywords"', NULL),
	(3, 'seo_description', 'Domyślna wartość meta tagu "description"', 'Artykuły po 5,99, 2,99 i nie tylko! Obecnie działamy na runku lubelskim, mazowieckim, podlaskim, świętokrzyskim i śląskim.'),
	(4, 'email_to', 'Adres e-mail na jaki wysyłana jest wiadomość z formularza kontaktowego', 'biuroastek@op.pl'),
	(28, 'contact_page_address', 'Adres na podstronie kontaktowej', 'ul. Nowa 31 <br/>21-345 Wola Osowińska'),
	(29, 'contact_page_email', 'E-mail na podstronie kontaktowej', 'biuroastek@op.pl'),
	(30, 'limit_products', 'Ilość produktów wyświetlanych na jednej stronie listowania', '12'),
	(31, 'contact_page_cell_phone_prefix', 'Prefix numeru telefonu komórkowego na podstronie kontaktowej', '48'),
	(32, 'contact_page_cell_phone_number', 'Numer telefonu komórkowego na podstronie kontaktowej', '502 438 740'),
	(33, 'contact_page_phone_prefix', 'Prefix numeru telefonu stacjonarnego na podstronie kontaktowej', '81'),
	(34, 'contact_page_phone_number', 'Numer telefonu stacjonarnego na podstronie kontaktowej', '857 43 08'),
	(35, 'contact_page_company_name', 'Nazwa firmy na podstronie kontaktowej', 'F.H. "ASTEK"'),
	(36, 'quote', 'Duży cytat', 'Firma Astek powstała w 2003 roku dla Was, naszych Klientów.');
/*!40000 ALTER TABLE `settings` ENABLE KEYS */;

-- Zrzut struktury tabela hoho.shop
CREATE TABLE IF NOT EXISTS `shop` (
  `id` int(11) NOT NULL AUTO_INCREMENT,
  `city_id` int(11) DEFAULT NULL,
  `name` varchar(255) COLLATE utf8_unicode_ci NOT NULL,
  `slug` varchar(255) COLLATE utf8_unicode_ci NOT NULL,
  `address` varchar(255) COLLATE utf8_unicode_ci DEFAULT NULL,
  `phone` varchar(255) COLLATE utf8_unicode_ci DEFAULT NULL,
  `photo` varchar(255) COLLATE utf8_unicode_ci DEFAULT NULL,
  `createdAt` datetime NOT NULL,
  `updatedAt` datetime DEFAULT NULL,
  `seoGenerate` tinyint(1) DEFAULT NULL,
  `seoTitle` varchar(255) COLLATE utf8_unicode_ci DEFAULT NULL,
  `seoKeywords` varchar(255) COLLATE utf8_unicode_ci DEFAULT NULL,
  `seoDescription` varchar(255) COLLATE utf8_unicode_ci DEFAULT NULL,
  `gallery_id` int(11) DEFAULT NULL,
  `weekHours` varchar(255) COLLATE utf8_unicode_ci DEFAULT NULL,
  `weekendHours` varchar(255) COLLATE utf8_unicode_ci DEFAULT NULL,
  PRIMARY KEY (`id`),
  KEY `IDX_AC6A4CA28BAC62AF` (`city_id`),
  KEY `IDX_AC6A4CA24E7AF8F` (`gallery_id`),
  CONSTRAINT `FK_AC6A4CA24E7AF8F` FOREIGN KEY (`gallery_id`) REFERENCES `gallery` (`id`) ON DELETE SET NULL,
  CONSTRAINT `FK_AC6A4CA28BAC62AF` FOREIGN KEY (`city_id`) REFERENCES `city` (`id`) ON DELETE SET NULL
) ENGINE=InnoDB AUTO_INCREMENT=83 DEFAULT CHARSET=utf8 COLLATE=utf8_unicode_ci;

-- Zrzucanie danych dla tabeli hoho.shop: ~64 rows (około)
/*!40000 ALTER TABLE `shop` DISABLE KEYS */;
INSERT INTO `shop` (`id`, `city_id`, `name`, `slug`, `address`, `phone`, `photo`, `createdAt`, `updatedAt`, `seoGenerate`, `seoTitle`, `seoKeywords`, `seoDescription`, `gallery_id`, `weekHours`, `weekendHours`) VALUES
	(8, 31, 'Bełżyce', 'belzyce', 'Ul.Spółdzielcza 2', 'pn-pt-8.00-16.00 sobota 8.00-13.00', 'shop-image-53ad1ef5c28c6.jpeg', '2013-12-20 09:41:15', NULL, 1, 'to change', 'to change', 'to change', 8, NULL, NULL),
	(9, 12, 'Biała Podlaska', 'biala-podlaska', 'Pl.Szkolny Dwór 10', 'pn-pt -9.00-17.00 sobota 9.00-14.00', 'shop-image-5379bde57abcf.jpeg', '2013-12-20 09:42:40', NULL, 1, 'to change', 'to change', 'to change', 28, NULL, NULL),
	(10, 12, 'Biała Podlaska', 'biala-podlaska-1', 'Ul.Prosta 4', 'pn-pt-9.00-17.00 sobota 9.00-14.00', 'shop-image-538c6aa3ed041.jpeg', '2013-12-20 09:43:29', NULL, 1, 'to change', 'to change', 'to change', 29, NULL, NULL),
	(11, 33, 'Bielsk Podlaski', 'bielsk-podlaski', 'Ul.Mickiewicza 38', 'pn-pt -9.00-17.00 sobota 9.00-14.00', 'shop-image-52b41c9e7a1f9.jpeg', '2013-12-20 09:46:24', NULL, 1, 'to change', 'to change', 'to change', 15, NULL, NULL),
	(12, 33, 'Bielsk Podlaski', 'bielsk-podlaski-1', 'Ul.Szkolna 2a', 'pn-pt-9.00-17.00 sobota 9.00-14', 'shop-image-5379bce4561ec.jpeg', '2013-12-20 09:57:10', NULL, 1, 'to change', 'to change', 'to change', 16, NULL, NULL),
	(13, 28, 'Biłgoraj', 'bilgoraj', 'Ul.Kościuszki 24', 'pn-pt -9.00-17.00 sobota 9.00-14.00', 'shop-image-52b41ef9c94ab.jpeg', '2013-12-20 09:58:07', NULL, 1, 'to change', 'to change', 'to change', 20, NULL, NULL),
	(14, 28, 'Biłgoraj', 'bilgoraj-1', 'Ul.Widok 4', 'pn-pt-9.00-17.00 sobota 9.00-14.00', 'shop-image-538307b3483df.jpeg', '2013-12-20 09:59:03', NULL, 1, 'to change', 'to change', 'to change', 12, NULL, NULL),
	(15, 11, 'Chełm', 'chelm', 'Ul.Lubelska 17', 'pn-pt-9.00-17.00 sobota 9.00-14.00', 'shop-image-52b42d20ccbf5.jpeg', '2013-12-20 10:00:19', NULL, 1, 'to change', 'to change', 'to change', 30, NULL, NULL),
	(16, 36, 'Ciechanowiec', 'ciechanowiec', 'Plac Ks.Kluka 3a', 'pn-pt-8.00-16.00 sobota 8.00-13.00', 'shop-image-530492f98313c.jpeg', '2013-12-20 10:01:13', NULL, 1, 'to change', 'to change', 'to change', 31, NULL, NULL),
	(17, 34, 'Hajnówka', 'hajnowka', 'ul.Wierobieja 2', 'pn-pt-9.00-17.00 sobota 9.00-14.00', 'shop-image-543f908d97dbe.jpeg', '2013-12-20 10:02:31', NULL, 1, 'to change', 'to change', 'to change', 32, NULL, NULL),
	(18, 8, 'Hrubieszów', 'hrubieszow', 'ul.Narutowicza 54', 'pn-pt-9.00-17.00 sobota 9.00-14.00', 'shop-image-52b41fda3b6b4.jpeg', '2013-12-20 10:03:25', NULL, 1, 'to change', 'to change', 'to change', 33, NULL, NULL),
	(19, 35, 'Janów Lubelski', 'janow-lubelski', 'ul.Wesoła 5', NULL, 'shop-image-53830778f390e.jpeg', '2013-12-20 10:04:26', NULL, 1, 'to change', 'to change', 'to change', 21, 'pn-pt 9.00-17.00', 'sobota 9.00-14.00'),
	(20, 10, 'Kozienice', 'kozienice', 'ul.Radomska 33', 'pn-pt -9.00-17.00 sobota 09.00-14.00', 'shop-image-540ea097c0e4c.jpeg', '2013-12-20 10:05:23', NULL, 1, 'to change', 'to change', 'to change', 19, NULL, NULL),
	(21, 7, 'Krasnystaw', 'krasnystaw', 'ul.Okszei 8', 'pn-pt -9.00-17.00 sobota 9.00-14.00', 'shop-image-52bd7eeb0fbce.jpeg', '2013-12-20 10:06:19', NULL, 1, 'to change', 'to change', 'to change', 34, NULL, NULL),
	(22, 15, 'Kraśnik', 'krasnik', 'ul.Urzędowska 36', 'pn-pt-9.00- 17.00 sobota 9.00-14.00', 'shop-image-52b42da665052.jpeg', '2013-12-20 10:07:06', NULL, 1, 'to change', 'to change', 'to change', 35, NULL, NULL),
	(24, 14, 'Lipsko', 'lipsko', 'ul.Zwoleńska 8 A', 'pn-pt-8.00-16.00 sobota 08.00-13.00', 'shop-image-55c49fc1618ca.jpeg', '2013-12-20 10:08:48', NULL, 1, 'to change', 'to change', 'to change', 37, NULL, NULL),
	(25, 4, 'Lubartów', 'lubartow', 'ul.Legionów 37', 'pn-pt-9.00-17.00 sobota 9.00-14.00', 'shop-image-52b42dde7daf6.jpeg', '2013-12-20 10:09:24', NULL, 1, 'to change', 'to change', 'to change', 38, NULL, NULL),
	(26, 5, 'Lublin', 'lublin', 'ul.Wolska 11 a', 'pn-pt-10.00-18.00 sobota 10.00-15.00', 'shop-image-53ad1f12b1c8a.jpeg', '2013-12-20 10:15:35', NULL, 1, 'to change', 'to change', 'to change', 11, NULL, NULL),
	(27, 37, 'Łapy', 'lapy', 'ul.Główna 1', 'pn-pt-9.00-17.00 sobota 9.00-14.00', 'shop-image-52b80772491b4.jpeg', '2013-12-20 10:17:58', NULL, 1, 'to change', 'to change', 'to change', 39, NULL, NULL),
	(29, 3, 'Łosice', 'losice', 'ul.Rynek 3', 'pn-pt-9.00-17.00 sobota 9.00-14.00', 'shop-image-538d6b95bd85c.jpeg', '2013-12-20 10:19:19', NULL, 1, 'to change', 'to change', 'to change', 41, NULL, NULL),
	(31, 38, 'Międzyrzec Podlaski', 'miedzyrzec-podlaski', 'ul.Brzeska 23', 'pn-pt-9.00-17.00 sobota 9.00-14.00', 'shop-image-52b42af0583b6.jpeg', '2013-12-20 10:21:06', NULL, 1, 'to change', 'to change', 'to change', 43, NULL, NULL),
	(32, 38, 'Międzyrzec Podlaski', 'miedzyrzec-podlaski-1', 'ul.Warszawska 29', 'pn-pt-9.00-17.00 sobota 9.00-14.00', 'shop-image-52b42a977740c.jpeg', '2013-12-20 10:21:53', NULL, 1, 'to change', 'to change', 'to change', 44, NULL, NULL),
	(33, 1, 'Mińsk Mazowiecki', 'minsk-mazowiecki', 'ul.Warszawska 111', 'pn-pt-9.00-17.00   sobota 9.00-14.00', 'shop-image-538308018b439.jpeg', '2013-12-20 10:22:41', NULL, 1, 'to change', 'to change', 'to change', 7, NULL, NULL),
	(34, 2, 'Opole Lubelskie', 'opole-lubelskie', 'ul.Piekarska 4', 'pn-pt-8.30-16.30 sobota 8.30-13.30', 'shop-image-52b42c46e65ba.jpeg', '2013-12-20 10:23:20', NULL, 1, 'to change', 'to change', 'to change', 13, NULL, NULL),
	(35, 16, 'Ostrowiec Świetokrzyski', 'ostrowiec-swietokrzyski', 'ul.Rynek 50b', 'pn-pt-9.00-17.00 sobota 9.00-14.00', 'shop-image-52b42c135fed2.jpeg', '2013-12-20 10:23:55', NULL, 1, 'to change', 'to change', 'to change', 45, NULL, NULL),
	(36, 39, 'Ostrów Mazowiecka', 'ostrow-mazowiecka', 'ul.3 maja 9', 'pn-pt-9.00-17.00 sobota 9.00-14.00', 'shop-image-52b42e3c8c2ea.jpeg', '2013-12-20 10:24:38', NULL, 1, 'to change', 'to change', 'to change', 46, NULL, NULL),
	(37, 26, 'Poniatowa', 'poniatowa', 'ul.Przechodnia 39', 'pn-pt-9.00-17.00 sobota 8.30-13.30.00', 'shop-image-540ea0748b2f2.jpeg', '2013-12-20 10:25:08', NULL, 1, 'to change', 'to change', 'to change', 22, NULL, NULL),
	(39, 24, 'Radom', 'radom', 'ul.Krauza 17a', 'pn-pt-9.00-17.00 sobota 9.00-14.00', 'shop-image-5535e83e588dc.jpeg', '2013-12-20 10:33:32', NULL, 1, 'to change', 'to change', 'to change', 47, NULL, NULL),
	(40, 23, 'Radzyń Podlaski', 'radzyn-podlaski', 'ul.Chomiczewskiego 15', 'pn-pt-9.00-17.00      sobota 9.00-14.00', 'shop-image-52b428b7a186b.jpeg', '2013-12-20 10:34:20', NULL, 1, 'to change', 'to change', 'to change', 4, NULL, NULL),
	(41, 23, 'Radzyń Podlaski', 'radzyn-podlaski-1', 'ul.Pocztowa 4', 'pn-pt-9.00-17.00 sobota 9.00-14.00', 'shop-image-52b428ec95748.jpeg', '2013-12-20 10:35:11', NULL, 1, 'to change', 'to change', 'to change', 48, NULL, NULL),
	(42, 23, 'Radzyń Podlaski', 'radzyn-podlaski-2', 'ul.Warszawska 63-65', 'pn-pt-9.00-17.00 sobota 9.00-14.00', 'shop-image-538c6daa531c2.jpeg', '2013-12-20 10:35:57', NULL, 1, 'to change', 'to change', 'to change', 17, NULL, NULL),
	(43, 40, 'Ryki', 'ryki', 'ul.Rynek Stary 1/5', 'pn-pt-9.00-17.00 sobota 9.00-14.00', 'shop-image-52b4202ec8b94.jpeg', '2013-12-20 10:37:19', NULL, 1, 'to change', 'to change', 'to change', 9, NULL, NULL),
	(45, 22, 'Siedlce', 'siedlce', 'ul.Wojskowa 18', 'pn-pt-10.00-18.00 sobota 10.00-15.00', 'shop-image-52b42be108d02.jpeg', '2013-12-20 10:43:09', NULL, 1, 'to change', 'to change', 'to change', 5, NULL, NULL),
	(46, 21, 'Siemiatycze', 'siemiatycze', 'Pl.Jana Pawła 14', 'pn-pt-9.00-17.00 sobota 9.00-14.00', 'shop-image-538d6db08e31e.jpeg', '2013-12-20 10:44:15', NULL, 1, 'to change', 'to change', 'to change', 18, NULL, NULL),
	(48, 43, 'Stoczek Łukowski', 'stoczek-lukowski', 'Pl.Kościuszki 2', 'pn-pt-8.00-16.00 sobota 8.00-13.00', 'shop-image-538307dae7379.jpeg', '2013-12-20 10:54:21', NULL, 1, 'to change', 'to change', 'to change', 14, NULL, NULL),
	(50, 19, 'Tomaszów Lubelski', 'tomaszow-lubelski', 'ul.Lwowska 19', 'pn-pt 9.00-17.00 sobota 9.00-14.00', 'shop-image-52b41ff3a04bc.jpeg', '2013-12-20 11:00:13', NULL, 1, 'to change', 'to change', 'to change', 52, NULL, NULL),
	(51, 19, 'Tomaszów Lubelski', 'tomaszow-lubelski-1', 'ul.Lwowska 56', 'pn-pt-9.00-17.00 sobota 9.00-14.00', 'shop-image-52b42b6b2263f.jpeg', '2013-12-20 11:01:13', NULL, 1, 'to change', 'to change', 'to change', 53, NULL, NULL),
	(52, 19, 'Tomaszów Lubelski', 'tomaszow-lubelski-2', 'ul.Lwowska 14', 'pn-pt-9.00-17.00 sobota 9.00-14.00', 'shop-image-52b4200d90489.jpeg', '2013-12-20 11:02:07', NULL, 1, 'to change', 'to change', 'to change', 25, NULL, NULL),
	(54, 17, 'Włodawa', 'wlodawa-1', 'ul.Czerwonego Krzyża 14a', 'pn-pt -9.00-17.00 sobota 9.00-14.00', 'shop-image-538d70dfbb209.jpeg', '2013-12-20 11:03:48', NULL, 1, 'to change', 'to change', 'to change', 26, NULL, NULL),
	(55, 45, 'Wysokie Mazowieckie', 'wysokie-mazowieckie', 'ul.Jagielońska 35', 'pn-pt-9.00-17.00 sobota 9.00-14.00', 'shop-image-538d737154a7d.jpeg', '2013-12-20 11:06:02', NULL, 1, 'to change', 'to change', 'to change', 55, NULL, NULL),
	(57, 18, 'Węgrów', 'wegrow', 'Węgrów ul.Rynkowa 3', 'pn-pt -9.00-17.00 sobota 9.00-14.00', 'shop-image-52b8065d7d338.jpeg', '2013-12-23 10:45:21', NULL, 1, 'to change', 'to change', 'to change', 54, NULL, NULL),
	(58, 15, 'Kraśnik', 'krasnik-1', 'ul.Lubelska 46', 'pn-pt-9.00-17.00 sobota 9.00-14.00', 'shop-image-52c67362be98e.jpeg', '2014-01-03 09:19:08', NULL, 1, 'to change', 'to change', 'to change', 56, NULL, NULL),
	(59, 22, 'Siedlce', 'siedlce-1', 'ul.Pułaskiego 10', 'pn-pt 9.00-17.00 sobota 9.00-14.00', 'shop-image-53830753b4af4.jpeg', '2014-01-21 14:50:29', NULL, 1, 'to change', 'to change', 'to change', 57, NULL, NULL),
	(60, 47, 'Starachowice', 'starachowice', 'ul.Niska 6', 'pn-pt-9.00-17.00 sobota 8.30-13.30', 'shop-image-532167b0ec62f.jpeg', '2014-02-14 13:56:30', NULL, 1, 'to change', 'to change', 'to change', 59, NULL, NULL),
	(61, 49, 'Kock', 'kock', 'ul.1 maja 11', 'pn-pt-8.30-16.30 sobota 8.30-13.30', 'shop-image-53760cdb8817e.jpeg', '2014-03-07 16:05:31', NULL, 1, 'to change', 'to change', 'to change', 58, NULL, NULL),
	(62, 42, 'Sokołów Podlaski', 'sokolow-podlaski-1', 'ul.Magistracka 1', 'pn-pt-9.00-17.00 sobota 9.00-14.00', 'shop-image-538d95c6675f4.jpeg', '2014-03-13 09:16:57', NULL, 1, 'to change', 'to change', 'to change', 50, NULL, NULL),
	(63, 8, 'Hrubieszów', 'hrubieszow-1', 'ul.Ludna 9', 'pn-pt-9.00-17.00 sobota 9.00-14.00', 'shop-image-53a12f6bb562d.jpeg', '2014-06-02 11:27:04', NULL, 1, 'to change', 'to change', 'to change', 62, NULL, NULL),
	(64, 52, 'Skarżysko Kamienna', 'skarzysko-kamienna', 'ul.Krasińskiego 20', 'pn-pt-10.00-18.00 sobota 10.00-15.00', 'shop-image-53c4cef55e047.jpeg', '2014-06-02 11:31:32', NULL, 1, 'to change', 'to change', 'to change', 60, NULL, NULL),
	(65, 50, 'Brańsk', 'bransk', 'ul.Rynek 43', 'pn-pt-8.00-16.00 sobota 08.00-13.00', 'shop-image-53ccb55eb7e9c.jpeg', '2014-07-15 08:11:34', NULL, 1, 'to change', 'to change', 'to change', 63, NULL, NULL),
	(66, 53, 'Terespol', 'terespol', 'ul.Wojska Polskiego 134', 'pn-pt -9.00-17.00 sobota 9.00-14.00', 'shop-image-54080bc53e8ba.jpeg', '2014-09-04 08:26:24', NULL, 1, 'to change', 'to change', 'to change', 65, NULL, NULL),
	(67, 13, 'Łuków', 'lukow-1', 'Staropijarska 20 piętro 1', 'pn-pt 10.00-18.00 sobota 10.00-15.00', 'shop-image-542e47ea8ef3c.jpeg', '2014-09-23 08:46:13', NULL, 1, 'to change', 'to change', 'to change', 66, NULL, NULL),
	(68, 16, 'Ostrowiec Świętokrzyski', 'ostrowiec-swietokrzyski-1', 'ul.Górzysta 6', 'pn-pt-09.00-17.00 sobota 09.00-14.00', 'shop-image-55b77ae804a05.jpeg', '2015-01-23 11:39:27', NULL, 1, 'to change', 'to change', 'to change', 67, NULL, NULL),
	(70, 55, 'Kielce', 'kielce', 'ul.Sienkiewicza 68', NULL, 'shop-image-5535e85ef1625.jpeg', '2015-02-24 14:18:54', NULL, 1, 'to change', 'to change', 'to change', 69, 'pn-pt 10.00-18.00', 'sobota 10.00-15.00'),
	(71, 25, 'Puławy', 'pulawy-1', 'ul.Piłsudskiego 24', 'pn-pt-9.00-17.00 sobota 9.00-14.00', 'shop-image-55b7782785881.jpeg', '2015-06-03 12:24:47', NULL, 1, 'to change', 'to change', 'to change', 70, NULL, NULL),
	(73, 56, 'Garwolin', 'garwolin', 'ul.Kościuszki 1', 'pn-pt 9.00-17.00  sobota 9.00-14.00', 'shop-image-55c49d9a03e58.jpeg', '2015-07-22 11:29:46', NULL, 1, 'to change', 'to change', 'to change', 71, NULL, NULL),
	(74, 57, 'Łochów', 'lochow', 'ul.1 Maja 2 pietro 1', 'pn-pt- 8.30-16.30 sobota 8.00-13.00', 'shop-image-5613d06d9a321.jpeg', '2015-10-06 15:35:48', NULL, 1, 'to change', 'to change', 'to change', 72, NULL, NULL),
	(75, 5, 'Lublin', 'lublin-1', 'ul.Zamojska 12', 'pn-pt 10.00-18.00 sobota 10.00-15.00', 'shop-image-56695aa1e6e86.jpeg', '2015-10-06 15:56:09', NULL, 1, 'to change', 'to change', 'to change', 73, NULL, NULL),
	(76, 24, 'Radom', 'radom-1', 'ul.Słowackiego 19', 'Pn-Pt  9.00-18.00 sobota 9.00-14.00', 'shop-image-569c926c7445e.jpeg', '2015-10-09 08:41:43', NULL, 1, 'to change', 'to change', 'to change', 74, NULL, NULL),
	(77, 13, 'Łuków', 'lukow-2', 'ul.Międzyrzecka 6 a', 'Pn-Pt 9.00-17.00 sobota 9.14.00', 'shop-image-5630a611a5dce.jpeg', '2015-10-09 08:44:36', NULL, 1, 'to change', 'to change', 'to change', 75, NULL, NULL),
	(78, 58, 'Parczew', 'parczew', 'ul.Kościelna 54 A', 'Pn-pt 9.00-17.00 sobota 9.00-14.00', 'shop-image-563a1b51bd857.jpeg', '2015-10-30 11:43:54', NULL, 1, 'to change', 'to change', 'to change', 76, NULL, NULL),
	(79, 15, 'Kraśnik', 'krasnik-2', 'Aleja Niepodległości 25', 'pn-pt 9.00-17.00 sobota 9.00-14.00', 'shop-image-564ed04ae16b0.jpeg', '2015-11-20 08:48:26', NULL, 1, 'to change', 'to change', 'to change', 77, NULL, NULL),
	(80, 59, 'Sandomierz', 'sandomierz', 'ul.Mickiewicza 46 b', 'pn-pt 9.00-17.00 sobota 9.00-14.00', 'shop-image-566171e60a0d6.jpeg', '2015-11-20 09:38:23', NULL, 1, 'to change', 'to change', 'to change', 78, NULL, NULL),
	(81, 60, 'Dęblin', 'deblin', 'ul.Warszawska 34', 'pn-pt 9.00-17.00 sobota 9.00-14.00', 'shop-image-566171bdcf4db.jpeg', '2015-12-04 11:56:31', NULL, 1, 'to change', 'to change', 'to change', 79, NULL, NULL),
	(82, 38, 'Międzyrzec Podlaski', 'miedzyrzec-podlaski-2', 'ul.Lubelska 6', NULL, 'shop-image-5721e4127e822.jpeg', '2016-04-28 12:20:46', NULL, 1, 'to change', 'to change', 'to change', NULL, 'pn-pt 9.00-17.00', 'sobota 9.00-14.00');
/*!40000 ALTER TABLE `shop` ENABLE KEYS */;

-- Zrzut struktury tabela hoho.slider
CREATE TABLE IF NOT EXISTS `slider` (
  `id` int(11) NOT NULL AUTO_INCREMENT,
  `title` varchar(255) COLLATE utf8_unicode_ci NOT NULL,
  `url` varchar(255) COLLATE utf8_unicode_ci DEFAULT NULL,
  `content` varchar(255) COLLATE utf8_unicode_ci DEFAULT NULL,
  `photo` varchar(255) COLLATE utf8_unicode_ci DEFAULT NULL,
  `created_at` datetime NOT NULL,
  `updated_at` datetime DEFAULT NULL,
  PRIMARY KEY (`id`)
) ENGINE=InnoDB AUTO_INCREMENT=9 DEFAULT CHARSET=utf8 COLLATE=utf8_unicode_ci;

-- Zrzucanie danych dla tabeli hoho.slider: ~5 rows (około)
/*!40000 ALTER TABLE `slider` DISABLE KEYS */;
INSERT INTO `slider` (`id`, `title`, `url`, `content`, `photo`, `created_at`, `updated_at`) VALUES
	(4, 'Narzędzia  kuchenne', NULL, '<div>\r\n	Niezbędne w każdym domu. Tylko u nas w tak atrakcyjnej cenie. Zapraszamy do zapoznania się&nbsp;</div>\r\n<div>\r\n	z naszą ofertą!&nbsp;</div>', 'slider-image-58cac4602cc04.jpeg', '2017-02-17 10:18:54', NULL),
	(5, 'Szkło', NULL, '<div>\r\n	Niezbędne w każdym domu. Tylko u nas w tak atrakcyjnej cenie. Zapraszamy do zapoznania się&nbsp;</div>\r\n<div>\r\n	z naszą ofertą!&nbsp;</div>', 'slider-image-58cac4c5cdd58.jpeg', '2017-02-17 10:19:15', NULL),
	(6, 'Galanteria', NULL, '<div>\r\n	Niezbędne w każdym domu. Tylko u nas w tak atrakcyjnej cenie. Zapraszamy do zapoznania się&nbsp;</div>\r\n<div>\r\n	z naszą ofertą!&nbsp;</div>', 'slider-image-58cac4dcdda1d.jpeg', '2017-03-06 09:15:25', NULL),
	(7, 'Artykuły dekoracyjne', NULL, '<div>\r\n	Niezbędne w każdym domu. Tylko u nas w tak atrakcyjnej cenie. Zapraszamy do zapoznania się&nbsp;</div>\r\n<div>\r\n	z naszą ofertą!&nbsp;</div>', 'slider-image-58cac4ff208e3.jpeg', '2017-03-06 09:15:51', NULL),
	(8, 'Zabawki', NULL, '<div>\r\n	Niezbędne w każdym domu. Tylko u nas w tak atrakcyjnej cenie. Zapraszamy do zapoznania się&nbsp;</div>\r\n<div>\r\n	z naszą ofertą!&nbsp;</div>', 'slider-image-58cac66a17c47.jpeg', '2017-03-06 09:16:08', NULL);
/*!40000 ALTER TABLE `slider` ENABLE KEYS */;

/*!40101 SET SQL_MODE=IFNULL(@OLD_SQL_MODE, '') */;
/*!40014 SET FOREIGN_KEY_CHECKS=IF(@OLD_FOREIGN_KEY_CHECKS IS NULL, 1, @OLD_FOREIGN_KEY_CHECKS) */;
/*!40101 SET CHARACTER_SET_CLIENT=@OLD_CHARACTER_SET_CLIENT */;
